DistrictName,Cropname,Year,Production,Area,Yield,Rainfall
Achham,Paddy,2010,18000,7570,2378,1487.3
Arghakhanchi,Paddy,2010,22796.8,8768,2600,2015.9
Baglung,Paddy,2010,17121,5792,2956,2170.9
Baitadi,Paddy,2010,14182,6221,2280,1692.2
Bajhang,Paddy,2010,10725,4290,2500,1543.5
Bajura,Paddy,2010,5989,7005,855,1414.4
Banke,Paddy,2010,148925,42550,3500,1447.3
Bara,Paddy,2010,168720,52725,3200,2026.6
Bardiya,Paddy,2010,157812.5,117550,1343,1464.1
Bhaktapur,Paddy,2010,23220,4300,5400,2305.2
Bhojpur,Paddy,2010,37632.711,16103,2337,2060.7
Chitwan,Paddy,2010,110944,32770,3386,2187.5
Dadeldhura,Paddy,2010,14123,28541,495,1609
Dailekh,Paddy,2010,26414,13870,1904,1441.7
Dang,Paddy,2010,119720,36500,3280,1586.8
Darchula,Paddy,2010,9579.45,14305,670,1728
Dhading,Paddy,2010,40882,16670,2452,2188.6
Dhankuta,Paddy,2010,21957,9412,2333,2110.4
Dhanusa,Paddy,2010,173521,61972,2800,1866.3
Dolakha,Paddy,2010,6303.596,3133,2012,2451.2
Dolpa,Paddy,2010,586,1265,463,1343.8
Doti,Paddy,2010,21172.5,5300,3995,1609.2
Gorkha,Paddy,2010,49276,17785,2771,2047.6
Gulmi,Paddy,2010,24500.8,10426,2350,2198.4
Humla,Paddy,2010,858.5,2750,312,1519.9
Ilam,Paddy,2010,45690,14825,3082,2682.1
Jajarkot,Paddy,2010,10021,8507,1178,1705.8
Jhapa,Paddy,2010,271920,82400,3300,2700.7
Jumla,Paddy,2010,7434.942,3522,2111,1824.7
Kailali,Paddy,2010,139965,46655,3000,1571.3
Kalikot,Paddy,2010,6089.5,8372,727,1505.8
Kanchanpur,Paddy,2010,130360,106655,1222,1542.3
Kapilbastu,Paddy,2010,225000,72000,3125,1873.2
Kaski,Paddy,2010,66700,23000,2900,2471.9
Kathmandu,Paddy,2010,41730,8025,5200,2276.2
Kavre,Paddy,2010,32915,11350,2900,2371.8
Khotang,Paddy,2010,27459,14129,1943,1944.6
Lalitpur,Paddy,2010,21390,4650,4600,2323.9
Lamjung,Paddy,2010,33883.5,16135,2100,2315.3
Mahottari,Paddy,2010,78440,34776,2256,1970
Makwanpur,Paddy,2010,36630,11100,3300,2236.8
Manang,Paddy,2010,0,0,0,1735.8
Morang,Paddy,2010,258060,78200,3300,2219.9
Mugu,Paddy,2010,781,565,1382,1437.8
Mustang,Paddy,2010,0,0,0,1138.1
Myagdi,Paddy,2010,10256.4,3895,2633,2047.5
Nawalparasi,Paddy,2010,180373,46690,3863,2110.9
Nuwakot,Paddy,2010,54843,16625,3299,2199.1
Okhaldhunga,Paddy,2010,9850,5030,1958,2029.1
Palpa,Paddy,2010,25210,9561,2637,2344.2
Panchthar,Paddy,2010,21840,10400,2100,2500.6
Parbat,Paddy,2010,23082.4,9595,2406,2513.1
Parsa,Paddy,2010,159208,46690,3410,2051.9
Pyuthan,Paddy,2010,21753.125,6961,3125,1868.5
Ramechhap,Paddy,2010,25049,9460,2648,2262.5
Rasuwa,Paddy,2010,2908.4,1322,2200,2146.4
Rautahat,Paddy,2010,112391.796,42396,2651,1982.5
Rolpa,Paddy,2010,17004,6540,2600,1717.2
Rukum,Paddy,2010,12966,4715,2750,1623.7
Rupandehi,Paddy,2010,278850,71500,3900,2064.2
Salyan,Paddy,2010,11487.875,3455,3325,1530
Sankhuwasabha,Paddy,2010,29816.478,15417,1934,2960.5
Saptari,Paddy,2010,116842,37691,3100,1769.4
Sarlahi,Paddy,2010,111360,39350,2830,2024.3
Sindhuli,Paddy,2010,19009.5,8265,2300,2117
Sindhupalchok,Paddy,2010,27002,12924,2089,2482
Siraha,Paddy,2010,95697,45570,2100,1771.6
Solukhumbu,Paddy,2010,3060,1530,2000,2417.6
Sunsari,Paddy,2010,155993.9,53791,2900,1955.9
Surkhet,Paddy,2010,49229,47798,1030,1506
Syangja,Paddy,2010,58240,19455,2994,2564.2
Tanahu,Paddy,2010,58380,20850,2800,2512.8
Taplejung,Paddy,2010,20099.7,9710,2070,2893
Tehrathum,Paddy,2010,21102,9592,2200,2265.9
Udayapur,Paddy,2010,42625,15500,2750,1868.6
Achham,Wheat,2010,28000,16150,1734,1487.3
Arghakhanchi,Wheat,2010,13478,7340,1836,2015.9
Baglung,Wheat,2010,13267,7035,1886,2170.9
Baitadi,Wheat,2010,12000,7500,1600,1692.2
Bajhang,Wheat,2010,6000,5265,1140,1543.5
Bajura,Wheat,2010,8300,6100,1361,1414.4
Banke,Wheat,2010,52800,18890,2795,1447.3
Bara,Wheat,2010,96900,29000,3341,2026.6
Bardiya,Wheat,2010,119954,49553,2421,1464.1
Bhaktapur,Wheat,2010,9884,3200,3089,2305.2
Bhojpur,Wheat,2010,4160,2510,1657,2060.7
Chitwan,Wheat,2010,26533,8728,3040,2187.5
Dadeldhura,Wheat,2010,9982,51789,193,1609
Dailekh,Wheat,2010,45000,16255,2768,1441.7
Dang,Wheat,2010,38154,17913,2130,1586.8
Darchula,Wheat,2010,5882.5,16315,361,1728
Dhading,Wheat,2010,7914,4680,1691,2188.6
Dhankuta,Wheat,2010,3296,1498,2200,2110.4
Dhanusa,Wheat,2010,96119,38450,2500,1866.3
Dolakha,Wheat,2010,5105,4400,1160,2451.2
Dolpa,Wheat,2010,1552.5,4325,359,1343.8
Doti,Wheat,2010,24700,12000,2058,1609.2
Gorkha,Wheat,2010,7240,4120,1757,2047.6
Gulmi,Wheat,2010,15796,8100,1950,2198.4
Humla,Wheat,2010,943,2300,410,1519.9
Ilam,Wheat,2010,13365,4800,2784,2682.1
Jajarkot,Wheat,2010,9870,7300,1352,1705.8
Jhapa,Wheat,2010,24150,11500,2100,2700.7
Jumla,Wheat,2010,3050,5398,565,1824.7
Kailali,Wheat,2010,64232,32250,1992,1571.3
Kalikot,Wheat,2010,5549,15614,355,1505.8
Kanchanpur,Wheat,2010,49895,66750,747,1542.3
Kapilbastu,Wheat,2010,96986,29995,3233,1873.2
Kaski,Wheat,2010,14200,7000,2029,2471.9
Kathmandu,Wheat,2010,14284,5000,2857,2276.2
Kavre,Wheat,2010,21001,9995,2101,2371.8
Khotang,Wheat,2010,11200,5535,2023,1944.6
Lalitpur,Wheat,2010,12617,4070,3100,2323.9
Lamjung,Wheat,2010,6500,3740,1738,2315.3
Mahottari,Wheat,2010,45250,21540,2101,1970
Makwanpur,Wheat,2010,11796,4213,2800,2236.8
Manang,Wheat,2010,644,293,2198,1735.8
Morang,Wheat,2010,52500,22200,2365,2219.9
Mugu,Wheat,2010,820,1091,752,1437.8
Mustang,Wheat,2010,1081,601,1799,1138.1
Myagdi,Wheat,2010,5845,3045,1920,2047.5
Nawalparasi,Wheat,2010,46140,18830,2450,2110.9
Nuwakot,Wheat,2010,15062,5477,2750,2199.1
Okhaldhunga,Wheat,2010,5684,2842,2000,2029.1
Palpa,Wheat,2010,13425,6235,2153,2344.2
Panchthar,Wheat,2010,7400,4000,1850,2500.6
Parbat,Wheat,2010,6773,2915,2323,2513.1
Parsa,Wheat,2010,75700,23600,3208,2051.9
Pyuthan,Wheat,2010,28050,15574,1801,1868.5
Ramechhap,Wheat,2010,9013,4820,1870,2262.5
Rasuwa,Wheat,2010,1258,850,1480,2146.4
Rautahat,Wheat,2010,37020,15300,2420,1982.5
Rolpa,Wheat,2010,15590,8655,1801,1717.2
Rukum,Wheat,2010,11740,8537,1375,1623.7
Rupandehi,Wheat,2010,105900,30500,3472,2064.2
Salyan,Wheat,2010,14632,11800,1240,1530
Sankhuwasabha,Wheat,2010,2800,1400,2000,2960.5
Saptari,Wheat,2010,48000,20000,2400,1769.4
Sarlahi,Wheat,2010,56000,28000,2000,2024.3
Sindhuli,Wheat,2010,13730,5600,2452,2117
Sindhupalchok,Wheat,2010,6650,7000,950,2482
Siraha,Wheat,2010,31350,17500,1791,1771.6
Solukhumbu,Wheat,2010,7125,3750,1900,2417.6
Sunsari,Wheat,2010,46250,18500,2500,1955.9
Surkhet,Wheat,2010,32877.5,79921,411,1506
Syangja,Wheat,2010,13200,6500,2031,2564.2
Tanahu,Wheat,2010,3435,1905,1803,2512.8
Taplejung,Wheat,2010,3921,1895,2069,2893
Tehrathum,Wheat,2010,4505,2650,1700,2265.9
Udayapur,Wheat,2010,11000,4900,2245,1868.6
Achham,"Maize	 ",2010,4193,2545,1648,1487.3
Arghakhanchi,"Maize	 ",2010,25485,16915,1507,2015.9
Baglung,"Maize	 ",2010,52682,20327,2592,2170.9
Baitadi,"Maize	 ",2010,6390,3744,1707,1692.2
Bajhang,"Maize	 ",2010,3690,5520,668,1543.5
Bajura,"Maize	 ",2010,1406,3650,385,1414.4
Banke,"Maize	 ",2010,18210,9000,2023,1447.3
Bara,"Maize	 ",2010,21000,7500,2800,2026.6
Bardiya,"Maize	 ",2010,12335,42860,288,1464.1
Bhaktapur,"Maize	 ",2010,6000,2000,3000,2305.2
Bhojpur,"Maize	 ",2010,48600,22776,2134,2060.7
Chitwan,"Maize	 ",2010,52463,20660,2539,2187.5
Dadeldhura,"Maize	 ",2010,6003,22140,271,1609
Dailekh,"Maize	 ",2010,41538,16100,2580,1441.7
Dang,"Maize	 ",2010,18446,8660,2130,1586.8
Darchula,"Maize	 ",2010,19790,9960,1987,1728
Dhading,"Maize	 ",2010,43670,17468,2500,2188.6
Dhankuta,"Maize	 ",2010,39736.065,17779,2235,2110.4
Dhanusa,"Maize	 ",2010,4966.5,2365,2100,1866.3
Dolakha,"Maize	 ",2010,12336,5387,2290,2451.2
Dolpa,"Maize	 ",2010,4054,607,6679,1343.8
Doti,"Maize	 ",2010,4514.25,9500,475,1609.2
Gorkha,"Maize	 ",2010,43537,19350,2250,2047.6
Gulmi,"Maize	 ",2010,43908.8,24845,1767,2198.4
Humla,"Maize	 ",2010,166.65,4550,37,1519.9
Ilam,"Maize	 ",2010,77500,31480,2462,2682.1
Jajarkot,"Maize	 ",2010,16215.5,20150,805,1705.8
Jhapa,"Maize	 ",2010,62310,24600,2533,2700.7
Jumla,"Maize	 ",2010,6757.5,5455,1239,1824.7
Kailali,"Maize	 ",2010,11495,5950,1932,1571.3
Kalikot,"Maize	 ",2010,7052.5,13017,542,1505.8
Kanchanpur,"Maize	 ",2010,11697.5,22450,521,1542.3
Kapilbastu,"Maize	 ",2010,3527,1390,2537,1873.2
Kaski,"Maize	 ",2010,52000,20800,2500,2471.9
Kathmandu,"Maize	 ",2010,21260,7400,2873,2276.2
Kavre,"Maize	 ",2010,56096,24279,2310,2371.8
Khotang,"Maize	 ",2010,52000,23000,2261,1944.6
Lalitpur,"Maize	 ",2010,22979,8589,2675,2323.9
Lamjung,"Maize	 ",2010,39137,15900,2461,2315.3
Mahottari,"Maize	 ",2010,6118.25,1935,3162,1970
Makwanpur,"Maize	 ",2010,40456,15560,2600,2236.8
Manang,"Maize	 ",2010,518,185,2800,1735.8
Morang,"Maize	 ",2010,45300,16100,2814,2219.9
Mugu,"Maize	 ",2010,992.5,105,9452,1437.8
Mustang,"Maize	 ",2010,810,525,1543,1138.1
Myagdi,"Maize	 ",2010,33847,11115,3045,2047.5
Nawalparasi,"Maize	 ",2010,33680,10750,3133,2110.9
Nuwakot,"Maize	 ",2010,53509,20115,2660,2199.1
Okhaldhunga,"Maize	 ",2010,23202,12097,1918,2029.1
Palpa,"Maize	 ",2010,42417,21563,1967,2344.2
Panchthar,"Maize	 ",2010,21232.5,14155,1500,2500.6
Parbat,"Maize	 ",2010,27244,14205,1918,2513.1
Parsa,"Maize	 ",2010,12447,4065,3062,2051.9
Pyuthan,"Maize	 ",2010,24652,11588,2127,1868.5
Ramechhap,"Maize	 ",2010,36800,18041,2040,2262.5
Rasuwa,"Maize	 ",2010,4535,2338,1940,2146.4
Rautahat,"Maize	 ",2010,4964.5,4950,1003,1982.5
Rolpa,"Maize	 ",2010,24880,12058,2063,1717.2
Rukum,"Maize	 ",2010,24771,11661,2124,1623.7
Rupandehi,"Maize	 ",2010,7240,2500,2896,2064.2
Salyan,"Maize	 ",2010,14071.4,7406,1900,1530
Sankhuwasabha,"Maize	 ",2010,28259.175,14165,1995,2960.5
Saptari,"Maize	 ",2010,8000,4000,2000,1769.4
Sarlahi,"Maize	 ",2010,17062.5,8125,2100,2024.3
Sindhuli,"Maize	 ",2010,39423,18535,2127,2117
Sindhupalchok,"Maize	 ",2010,52624,23920,2200,2482
Siraha,"Maize	 ",2010,3600,1800,2000,1771.6
Solukhumbu,"Maize	 ",2010,32388,12955,2500,2417.6
Sunsari,"Maize	 ",2010,23250,8500,2735,1955.9
Surkhet,"Maize	 ",2010,44178.5,97613,453,1506
Syangja,"Maize	 ",2010,97028,30900,3140,2564.2
Tanahu,"Maize	 ",2010,68425,26029,2629,2512.8
Taplejung,"Maize	 ",2010,36795,16075,2289,2893
Tehrathum,"Maize	 ",2010,21014,12300,1708,2265.9
Udayapur,"Maize	 ",2010,34980,15900,2200,1868.6
Achham,"Millet	 ",2010,5353,4953,1081,1487.3
Arghakhanchi,"Millet	 ",2010,880,820,1073,2015.9
Baglung,"Millet	 ",2010,23030,17700,1301,2170.9
Baitadi,"Millet	 ",2010,390,302,1291,1692.2
Bajhang,"Millet	 ",2010,1300,1300,1000,1543.5
Bajura,"Millet	 ",2010,2300,2285,1007,1414.4
Banke,"Millet	 ",2010,0,0,0,1447.3
Bara,"Millet	 ",2010,85,78,1090,2026.6
Bardiya,"Millet	 ",2010,150,150,1000,1464.1
Bhaktapur,"Millet	 ",2010,140,100,1400,2305.2
Bhojpur,"Millet	 ",2010,5100,5100,1000,2060.7
Chitwan,"Millet	 ",2010,1868,1810,1032,2187.5
Dadeldhura,"Millet	 ",2010,309.5,9517,33,1609
Dailekh,"Millet	 ",2010,2702.6,2095,1290,1441.7
Dang,"Millet	 ",2010,0,0,0,1586.8
Darchula,"Millet	 ",2010,1240,6195,200,1728
Dhading,"Millet	 ",2010,7160,7140,1003,2188.6
Dhankuta,"Millet	 ",2010,8080,8000,1010,2110.4
Dhanusa,"Millet	 ",2010,425,425,1000,1866.3
Dolakha,"Millet	 ",2010,4094,3555,1152,2451.2
Dolpa,"Millet	 ",2010,401.25,1800,223,1343.8
Doti,"Millet	 ",2010,5589,850,6575,1609.2
Gorkha,"Millet	 ",2010,11605,11605,1000,2047.6
Gulmi,"Millet	 ",2010,2857.6,2916,980,2198.4
Humla,"Millet	 ",2010,1262,3950,319,1519.9
Ilam,"Millet	 ",2010,3312,3312,1000,2682.1
Jajarkot,"Millet	 ",2010,2628,2422,1085,1705.8
Jhapa,"Millet	 ",2010,2160,1800,1200,2700.7
Jumla,"Millet	 ",2010,3925,1252,3135,1824.7
Kailali,"Millet	 ",2010,180,170,1059,1571.3
Kalikot,"Millet	 ",2010,2496,8629,289,1505.8
Kanchanpur,"Millet	 ",2010,490,470,1043,1542.3
Kapilbastu,"Millet	 ",2010,100,100,1000,1873.2
Kaski,"Millet	 ",2010,17568,16640,1056,2471.9
Kathmandu,"Millet	 ",2010,715,714,1001,2276.2
Kavre,"Millet	 ",2010,3550,3505,1013,2371.8
Khotang,"Millet	 ",2010,19800,16500,1200,1944.6
Lalitpur,"Millet	 ",2010,672,580,1159,2323.9
Lamjung,"Millet	 ",2010,7919,7919,1000,2315.3
Mahottari,"Millet	 ",2010,232,232,1000,1970
Makwanpur,"Millet	 ",2010,3206,2850,1125,2236.8
Manang,"Millet	 ",2010,0,0,0,1735.8
Morang,"Millet	 ",2010,1716,1430,1200,2219.9
Mugu,"Millet	 ",2010,1315,1302,1010,1437.8
Mustang,"Millet	 ",2010,0,0,0,1138.1
Myagdi,"Millet	 ",2010,3320,3048,1089,2047.5
Nawalparasi,"Millet	 ",2010,500,500,1000,2110.9
Nuwakot,"Millet	 ",2010,10449,5805,1800,2199.1
Okhaldhunga,"Millet	 ",2010,11865,8785,1351,2029.1
Palpa,"Millet	 ",2010,2920,2580,1132,2344.2
Panchthar,"Millet	 ",2010,8350,5000,1670,2500.6
Parbat,"Millet	 ",2010,8960,8845,1013,2513.1
Parsa,"Millet	 ",2010,83,81,1025,2051.9
Pyuthan,"Millet	 ",2010,2483,1910,1300,1868.5
Ramechhap,"Millet	 ",2010,5051,5060,998,2262.5
Rasuwa,"Millet	 ",2010,1035,1045,990,2146.4
Rautahat,"Millet	 ",2010,45,60,750,1982.5
Rolpa,"Millet	 ",2010,1059.5,1985,534,1717.2
Rukum,"Millet	 ",2010,1061,1061,1000,1623.7
Rupandehi,"Millet	 ",2010,100,100,1000,2064.2
Salyan,"Millet	 ",2010,2316,2525,917,1530
Sankhuwasabha,"Millet	 ",2010,9875,9975,990,2960.5
Saptari,"Millet	 ",2010,250,250,1000,1769.4
Sarlahi,"Millet	 ",2010,215,215,1000,2024.3
Sindhuli,"Millet	 ",2010,10560,10551,1001,2117
Sindhupalchok,"Millet	 ",2010,19330,19330,1000,2482
Siraha,"Millet	 ",2010,700,700,1000,1771.6
Solukhumbu,"Millet	 ",2010,2625,2100,1250,2417.6
Sunsari,"Millet	 ",2010,1200,1200,1000,1955.9
Surkhet,"Millet	 ",2010,2751.5,12958,212,1506
Syangja,"Millet	 ",2010,19325,16805,1150,2564.2
Tanahu,"Millet	 ",2010,6715,6710,1001,2512.8
Taplejung,"Millet	 ",2010,3813,3050,1250,2893
Tehrathum,"Millet	 ",2010,3061,2700,1134,2265.9
Udayapur,"Millet	 ",2010,3965,2575,1540,1868.6
Achham,"Barley	 ",2010,250,250,1000,1487.3
Arghakhanchi,"Barley	 ",2010,593,485,1223,2015.9
Baglung,"Barley	 ",2010,1265,1005,1259,2170.9
Baitadi,"Barley	 ",2010,225,218,1032,1692.2
Bajhang,"Barley	 ",2010,1100,1200,917,1543.5
Bajura,"Barley	 ",2010,1500,1500,1000,1414.4
Banke,"Barley	 ",2010,10,10,1000,1447.3
Bara,"Barley	 ",2010,66,68,971,2026.6
Bardiya,"Barley	 ",2010,45,50,900,1464.1
Bhaktapur,"Barley	 ",2010,50,50,1000,2305.2
Bhojpur,"Barley	 ",2010,40,30,1333,2060.7
Chitwan,"Barley	 ",2010,61,61,1000,2187.5
Dadeldhura,"Barley	 ",2010,176,1582,111,1609
Dailekh,"Barley	 ",2010,269.5,1030,262,1441.7
Dang,"Barley	 ",2010,10,10,1000,1586.8
Darchula,"Barley	 ",2010,1165,3772,309,1728
Dhading,"Barley	 ",2010,350,350,1000,2188.6
Dhankuta,"Barley	 ",2010,10,10,1000,2110.4
Dhanusa,"Barley	 ",2010,5,5,1000,1866.3
Dolakha,"Barley	 ",2010,230,231,996,2451.2
Dolpa,"Barley	 ",2010,1837,1837,1000,1343.8
Doti,"Barley	 ",2010,600,600,1000,1609.2
Gorkha,"Barley	 ",2010,110,110,1000,2047.6
Gulmi,"Barley	 ",2010,570,380,1500,2198.4
Humla,"Barley	 ",2010,446.15,4900,91,1519.9
Ilam,"Barley	 ",2010,75,75,1000,2682.1
Jajarkot,"Barley	 ",2010,285,195,1462,1705.8
Jhapa,"Barley	 ",2010,7,9,778,2700.7
Jumla,"Barley	 ",2010,720,1028,700,1824.7
Kailali,"Barley	 ",2010,5,5,1000,1571.3
Kalikot,"Barley	 ",2010,7876,8702,905,1505.8
Kanchanpur,"Barley	 ",2010,665,555,1198,1542.3
Kapilbastu,"Barley	 ",2010,280,200,1400,1873.2
Kaski,"Barley	 ",2010,109,129,845,2471.9
Kathmandu,"Barley	 ",2010,7,7,1000,2276.2
Kavre,"Barley	 ",2010,750,750,1000,2371.8
Khotang,"Barley	 ",2010,435,550,791,1944.6
Lalitpur,"Barley	 ",2010,72,80,900,2323.9
Lamjung,"Barley	 ",2010,27,28,964,2315.3
Mahottari,"Barley	 ",2010,50,50,1000,1970
Makwanpur,"Barley	 ",2010,25,25,1000,2236.8
Manang,"Barley	 ",2010,273,184,1484,1735.8
Morang,"Barley	 ",2010,0,0,0,2219.9
Mugu,"Barley	 ",2010,701,687,1020,1437.8
Mustang,"Barley	 ",2010,475,270,1759,1138.1
Myagdi,"Barley	 ",2010,559,560,998,2047.5
Nawalparasi,"Barley	 ",2010,88,88,1000,2110.9
Nuwakot,"Barley	 ",2010,250,200,1250,2199.1
Okhaldhunga,"Barley	 ",2010,138,115,1200,2029.1
Palpa,"Barley	 ",2010,38,30,1267,2344.2
Panchthar,"Barley	 ",2010,600,500,1200,2500.6
Parbat,"Barley	 ",2010,176,198,889,2513.1
Parsa,"Barley	 ",2010,34,34,1000,2051.9
Pyuthan,"Barley	 ",2010,1529,1390,1100,1868.5
Ramechhap,"Barley	 ",2010,81,100,810,2262.5
Rasuwa,"Barley	 ",2010,396,300,1320,2146.4
Rautahat,"Barley	 ",2010,52,52,1000,1982.5
Rolpa,"Barley	 ",2010,578,510,1133,1717.2
Rukum,"Barley	 ",2010,560,520,1077,1623.7
Rupandehi,"Barley	 ",2010,30,30,1000,2064.2
Salyan,"Barley	 ",2010,478,735,650,1530
Sankhuwasabha,"Barley	 ",2010,26,35,743,2960.5
Saptari,"Barley	 ",2010,0,0,0,1769.4
Sarlahi,"Barley	 ",2010,50,50,1000,2024.3
Sindhuli,"Barley	 ",2010,90,56,1607,2117
Sindhupalchok,"Barley	 ",2010,242,220,1100,2482
Siraha,"Barley	 ",2010,0,0,0,1771.6
Solukhumbu,"Barley	 ",2010,224,200,1120,2417.6
Sunsari,"Barley	 ",2010,0,0,0,1955.9
Surkhet,"Barley	 ",2010,1354.5,5305,255,1506
Syangja,"Barley	 ",2010,120,200,600,2564.2
Tanahu,"Barley	 ",2010,5,6,833,2512.8
Taplejung,"Barley	 ",2010,300,240,1250,2893
Tehrathum,"Barley	 ",2010,110,100,1100,2265.9
Udayapur,"Barley	 ",2010,36,39,923,1868.6
Achham,Buckwheat,2010,0,0,0,1487.3
Arghakhanchi,Buckwheat,2010,330,336,982.14,2015.9
Baglung,Buckwheat,2010,110,100,1100,2170.9
Baitadi,Buckwheat,2010,0,0,0,1692.2
Bajhang,Buckwheat,2010,75,100,750,1543.5
Bajura,Buckwheat,2010,0,0,0,1414.4
Banke,Buckwheat,2010,0,0,0,1447.3
Bara,Buckwheat,2010,0,0,0,2026.6
Bardiya,Buckwheat,2010,0,0,0,1464.1
Bhaktapur,Buckwheat,2010,0,0,0,2305.2
Bhojpur,Buckwheat,2010,52.5,75,700,2060.7
Chitwan,Buckwheat,2010,775,700,1107.14,2187.5
Dadeldhura,Buckwheat,2010,0,0,0,1609
Dailekh,Buckwheat,2010,0,0,0,1441.7
Dang,Buckwheat,2010,0,0,0,1586.8
Darchula,Buckwheat,2010,85.5,107,799.07,1728
Dhading,Buckwheat,2010,0,0,0,2188.6
Dhankuta,Buckwheat,2010,12.5,25,500,2110.4
Dhanusa,Buckwheat,2010,0,0,0,1866.3
Dolakha,Buckwheat,2010,0,0,0,2451.2
Dolpa,Buckwheat,2010,750,500,1500,1343.8
Doti,Buckwheat,2010,0,0,0,1609.2
Gorkha,Buckwheat,2010,380,380,1000,2047.6
Gulmi,Buckwheat,2010,204,195,1046.15,2198.4
Humla,Buckwheat,2010,651,0,700,1519.9
Ilam,Buckwheat,2010,20,28,714.29,2682.1
Jajarkot,Buckwheat,2010,0,0,0,1705.8
Jhapa,Buckwheat,2010,1300,1300,1000,2700.7
Jumla,Buckwheat,2010,0,0,0,1824.7
Kailali,Buckwheat,2010,0,0,0,1571.3
Kalikot,Buckwheat,2010,1641,1730,948.55,1505.8
Kanchanpur,Buckwheat,2010,0,0,0,1542.3
Kapilbastu,Buckwheat,2010,0,0,0,1873.2
Kaski,Buckwheat,2010,14,18,777.78,2471.9
Kathmandu,Buckwheat,2010,0,0,0,2276.2
Kavre,Buckwheat,2010,0,950,0,2371.8
Khotang,Buckwheat,2010,450,720,625,1944.6
Lalitpur,Buckwheat,2010,24,48,500,2323.9
Lamjung,Buckwheat,2010,16,19,842.11,2315.3
Mahottari,Buckwheat,2010,0,0,0,1970
Makwanpur,Buckwheat,2010,180,300,600,2236.8
Manang,Buckwheat,2010,575,410,1402.44,1735.8
Morang,Buckwheat,2010,0,0,0,2219.9
Mugu,Buckwheat,2010,0,0,0,1437.8
Mustang,Buckwheat,2010,955,575,1660.87,1138.1
Myagdi,Buckwheat,2010,0,0,0,2047.5
Nawalparasi,Buckwheat,2010,200,220,909.09,2110.9
Nuwakot,Buckwheat,2010,0,0,0,2199.1
Okhaldhunga,Buckwheat,2010,79.9,94,850,2029.1
Palpa,Buckwheat,2010,433,460,941.3,2344.2
Panchthar,Buckwheat,2010,42,60,700,2500.6
Parbat,Buckwheat,2010,28.26,34,831.18,2513.1
Parsa,Buckwheat,2010,0,0,0,2051.9
Pyuthan,Buckwheat,2010,88,80,1100,1868.5
Ramechhap,Buckwheat,2010,19,19,1000,2262.5
Rasuwa,Buckwheat,2010,0,0,0,2146.4
Rautahat,Buckwheat,2010,0,0,0,1982.5
Rolpa,Buckwheat,2010,0,0,0,1717.2
Rukum,Buckwheat,2010,0,0,0,1623.7
Rupandehi,Buckwheat,2010,0,0,0,2064.2
Salyan,Buckwheat,2010,26.4,24,1100,1530
Sankhuwasabha,Buckwheat,2010,0,0,0,2960.5
Saptari,Buckwheat,2010,0,0,0,1769.4
Sarlahi,Buckwheat,2010,0,0,0,2024.3
Sindhuli,Buckwheat,2010,260,525,495.24,2117
Sindhupalchok,Buckwheat,2010,0,0,0,2482
Siraha,Buckwheat,2010,0,0,0,1771.6
Solukhumbu,Buckwheat,2010,180,300,600,2417.6
Sunsari,Buckwheat,2010,50,50,1000,1955.9
Surkhet,Buckwheat,2010,114.4,104,1100,1506
Syangja,Buckwheat,2010,112.75,205,550,2564.2
Tanahu,Buckwheat,2010,175,192,911.46,2512.8
Taplejung,Buckwheat,2010,0,0,0,2893
Tehrathum,Buckwheat,2010,7.5,10,750,2265.9
Udayapur,Buckwheat,2010,14.25,15,950,1868.6
Achham,Paddy,2011,18000,11570,1556,1435
Arghakhanchi,Paddy,2011,26204.8,8189,3200,1853.4
Baglung,Paddy,2011,17147,5934,2890,2051.4
Baitadi,Paddy,2011,15000,6000,2500,1599.9
Bajhang,Paddy,2011,10725,7006,1531,1458.8
Bajura,Paddy,2011,7613,3310,2300,1350.4
Banke,Paddy,2011,123971,36462,3400,1356
Bara,Paddy,2011,221340,52700,4200,1804.8
Bardiya,Paddy,2011,188825,45500,4150,1375.7
Bhaktapur,Paddy,2011,25241.6,4252,5936,2234.6
Bhojpur,Paddy,2011,42341,16110,2628,1922.5
Chitwan,Paddy,2011,103495.95,29655,3490,1986.5
Dadeldhura,Paddy,2011,15182,6221,2440,1532.9
Dailekh,Paddy,2011,28073,8507,3300,1377.8
Dang,Paddy,2011,119720,38300,3126,1481
Darchula,Paddy,2011,11708.9,4480,2614,1605.4
Dhading,Paddy,2011,38187,14750,2589,2055.7
Dhankuta,Paddy,2011,19600,8877,2208,2006.9
Dhanusa,Paddy,2011,185250,65000,2850,1605.8
Dolakha,Paddy,2011,6303.596,3135,2011,2271.7
Dolpa,Paddy,2011,605,276,2192,1324.2
Doti,Paddy,2011,24345,9750,2497,1548.9
Gorkha,Paddy,2011,49276,12085,4077,1921.8
Gulmi,Paddy,2011,22924,9964,2301,2014.2
Humla,Paddy,2011,875,572,1530,1436.2
Ilam,Paddy,2011,45690,14825,3082,2644.2
Jajarkot,Paddy,2011,10038,3515,2856,1617.3
Jhapa,Paddy,2011,321840,89400,3600,2651.4
Jumla,Paddy,2011,3600,3000,1200,1740.6
Kailali,Paddy,2011,139965,65500,2137,1497.2
Kalikot,Paddy,2011,5748,3465,1659,1448.4
Kanchanpur,Paddy,2011,144630,46655,3100,1450
Kapilbastu,Paddy,2011,207350,71500,2900,1756.4
Kaski,Paddy,2011,76850,22500,3416,2336.7
Kathmandu,Paddy,2011,46080,8000,5760,2195.5
Kavre,Paddy,2011,31512,10100,3120,2186.5
Khotang,Paddy,2011,31924.2,15202,2100,1777.1
Lalitpur,Paddy,2011,26676,4600,5799,2222.6
Lamjung,Paddy,2011,40437,15553,2600,2158.2
Mahottari,Paddy,2011,97373,34776,2800,1647.2
Makwanpur,Paddy,2011,37552,11110,3380,2068.1
Manang,Paddy,2011,0,0,0,1688.7
Morang,Paddy,2011,277610,78200,3550,2149.4
Mugu,Paddy,2011,2556,1294,1975,1372
Mustang,Paddy,2011,0,0,0,1145.2
Myagdi,Paddy,2011,11486,3895,2949,1988.2
Nawalparasi,Paddy,2011,191337,44890,4262,1878.4
Nuwakot,Paddy,2011,56453,14625,3860,2102.4
Okhaldhunga,Paddy,2011,14000,6573,2130,1842.1
Palpa,Paddy,2011,29280,8750,3346,2098.3
Panchthar,Paddy,2011,23000,11500,2000,2457.7
Parbat,Paddy,2011,23023.25,8830,2607,2310.4
Parsa,Paddy,2011,192966,44360,4350,1809.3
Pyuthan,Paddy,2011,18270,6525,2800,1717.5
Ramechhap,Paddy,2011,30199.68,9408,3210,2076.3
Rasuwa,Paddy,2011,3599.04,1304,2760,2084
Rautahat,Paddy,2011,136177.5,40650,3350,1785.8
Rolpa,Paddy,2011,12997,4715,2757,1598
Rukum,Paddy,2011,9617.4,3562,2700,1539.3
Rupandehi,Paddy,2011,301000,70500,4270,1846.3
Salyan,Paddy,2011,22275,6961,3200,1431.3
Sankhuwasabha,Paddy,2011,36600,15812,2315,2809.1
Saptari,Paddy,2011,177000,60000,2950,1631.4
Sarlahi,Paddy,2011,143635,39352,3650,1755.2
Sindhuli,Paddy,2011,19009.5,10265,1852,1876.9
Sindhupalchok,Paddy,2011,28290,12300,2300,2340
Siraha,Paddy,2011,175150,61000,2871,1575.6
Solukhumbu,Paddy,2011,3564,1620,2200,2252.1
Sunsari,Paddy,2011,166000,53550,3100,1845.3
Surkhet,Paddy,2011,54298,14600,3719,1428.4
Syangja,Paddy,2011,58130,17000,3419,2314.1
Tanahu,Paddy,2011,43105,13150,3278,2267.8
Taplejung,Paddy,2011,22167,10477,2116,2791.8
Tehrathum,Paddy,2011,24522.6,10662,2300,2192.3
Udayapur,Paddy,2011,50700,16857,3008,1693.5
Achham,Wheat,2011,25500,16140,1580,1435
Arghakhanchi,Wheat,2011,12478,7340,1700,1853.4
Baglung,Wheat,2011,13102,7042,1861,2051.4
Baitadi,Wheat,2011,23000,11550,1991,1599.9
Bajhang,Wheat,2011,9500,6150,1545,1458.8
Bajura,Wheat,2011,9900,5000,1980,1350.4
Banke,Wheat,2011,53904,17920,3008,1356
Bara,Wheat,2011,92800,29000,3200,1804.8
Bardiya,Wheat,2011,68325,23500,2907,1375.7
Bhaktapur,Wheat,2011,11060,3150,3511,2234.6
Bhojpur,Wheat,2011,4903,2510,1953,1922.5
Chitwan,Wheat,2011,27125,8750,3100,1986.5
Dadeldhura,Wheat,2011,12500,7450,1678,1532.9
Dailekh,Wheat,2011,29870,14650,2039,1377.8
Dang,Wheat,2011,29464,12700,2320,1481
Darchula,Wheat,2011,6500,5300,1226,1605.4
Dhading,Wheat,2011,9600,4800,2000,2055.7
Dhankuta,Wheat,2011,2975,1445,2059,2006.9
Dhanusa,Wheat,2011,90357,38450,2350,1605.8
Dolakha,Wheat,2011,4837,4398,1100,2271.7
Dolpa,Wheat,2011,605,276,2192,1324.2
Doti,Wheat,2011,30210,16150,1871,1548.9
Gorkha,Wheat,2011,7592,4115,1845,1921.8
Gulmi,Wheat,2011,14978,8074,1855,2014.2
Humla,Wheat,2011,875,572,1530,1436.2
Ilam,Wheat,2011,13398,4620,2900,2644.2
Jajarkot,Wheat,2011,15366,11820,1300,1617.3
Jhapa,Wheat,2011,25150,7500,3353,2651.4
Jumla,Wheat,2011,3600,3000,1200,1740.6
Kailali,Wheat,2011,71500,34450,2075,1497.2
Kalikot,Wheat,2011,5748,3465,1659,1448.4
Kanchanpur,Wheat,2011,67540,32255,2094,1450
Kapilbastu,Wheat,2011,89815,29995,2994,1756.4
Kaski,Wheat,2011,14545,7130,2040,2336.7
Kathmandu,Wheat,2011,15903,4742,3354,2195.5
Kavre,Wheat,2011,21478,9950,2159,2186.5
Khotang,Wheat,2011,9575,5545,1727,1777.1
Lalitpur,Wheat,2011,14690,4060,3618,2222.6
Lamjung,Wheat,2011,1375,640,2148,2158.2
Mahottari,Wheat,2011,64820,26785,2420,1647.2
Makwanpur,Wheat,2011,12007,4210,2852,2068.1
Manang,Wheat,2011,645,293,2201,1688.7
Morang,Wheat,2011,40438,16875,2396,2149.4
Mugu,Wheat,2011,2556,1294,1975,1372
Mustang,Wheat,2011,1080,600,1800,1145.2
Myagdi,Wheat,2011,5757,3045,1891,1988.2
Nawalparasi,Wheat,2011,54140,18830,2875,1878.4
Nuwakot,Wheat,2011,15102,5475,2758,2102.4
Okhaldhunga,Wheat,2011,4825,2425,1990,1842.1
Palpa,Wheat,2011,13422,6230,2154,2098.3
Panchthar,Wheat,2011,7580,4000,1895,2457.7
Parbat,Wheat,2011,6665,2915,2286,2310.4
Parsa,Wheat,2011,82600,23600,3500,1809.3
Pyuthan,Wheat,2011,19206,8650,2220,1717.5
Ramechhap,Wheat,2011,8292,4458,1860,2076.3
Rasuwa,Wheat,2011,1645,700,2350,2084
Rautahat,Wheat,2011,41626,15550,2677,1785.8
Rolpa,Wheat,2011,16834,8860,1900,1598
Rukum,Wheat,2011,26190,11800,2219,1539.3
Rupandehi,Wheat,2011,106750,30500,3500,1846.3
Salyan,Wheat,2011,28755,15120,1902,1431.3
Sankhuwasabha,Wheat,2011,2850,1450,1966,2809.1
Saptari,Wheat,2011,45600,18000,2533,1631.4
Sarlahi,Wheat,2011,67200,28000,2400,1755.2
Sindhuli,Wheat,2011,13700,5550,2468,1876.9
Sindhupalchok,Wheat,2011,7010,7010,1000,2340
Siraha,Wheat,2011,29877,15725,1900,1575.6
Solukhumbu,Wheat,2011,7308,3750,1949,2252.1
Sunsari,Wheat,2011,45500,17500,2600,1845.3
Surkhet,Wheat,2011,49500,16255,3045,1428.4
Syangja,Wheat,2011,12150,5800,2095,2314.1
Tanahu,Wheat,2011,3626,1900,1908,2267.8
Taplejung,Wheat,2011,2783,1210,2300,2791.8
Tehrathum,Wheat,2011,5445,2750,1980,2192.3
Udayapur,Wheat,2011,14322,5115,2800,1693.5
Achham,"Maize	 ",2011,10479,6351,1650,1435
Arghakhanchi,"Maize	 ",2011,41150,16500,2494,1853.4
Baglung,"Maize	 ",2011,59044,20341,2903,2051.4
Baitadi,"Maize	 ",2011,29000,14500,2000,1599.9
Bajhang,"Maize	 ",2011,3980,3652,1090,1458.8
Bajura,"Maize	 ",2011,1817,790,2300,1350.4
Banke,"Maize	 ",2011,20085,8547,2350,1356
Bara,"Maize	 ",2011,30750,7500,4100,1804.8
Bardiya,"Maize	 ",2011,10900,5450,2000,1375.7
Bhaktapur,"Maize	 ",2011,7978,1970,4050,2234.6
Bhojpur,"Maize	 ",2011,48600,24790,1960,1922.5
Chitwan,"Maize	 ",2011,30000,10000,3000,1986.5
Dadeldhura,"Maize	 ",2011,6390,3744,1707,1532.9
Dailekh,"Maize	 ",2011,37076,20150,1840,1377.8
Dang,"Maize	 ",2011,54936,25200,2180,1481
Darchula,"Maize	 ",2011,15552.4,5530,2812,1605.4
Dhading,"Maize	 ",2011,26081.04,15342,1700,2055.7
Dhankuta,"Maize	 ",2011,42450,18200,2332,2006.9
Dhanusa,"Maize	 ",2011,6460.8,2019,3200,1605.8
Dolakha,"Maize	 ",2011,12336,8454,1459,2271.7
Dolpa,"Maize	 ",2011,4000,2400,1667,1324.2
Doti,"Maize	 ",2011,4835.5,2445,1978,1548.9
Gorkha,"Maize	 ",2011,39692.1,17028,2331,1921.8
Gulmi,"Maize	 ",2011,55292,24040,2300,2014.2
Humla,"Maize	 ",2011,171.3,112,1529,1436.2
Ilam,"Maize	 ",2011,77500,31480,2462,2644.2
Jajarkot,"Maize	 ",2011,12579,8386,1500,1617.3
Jhapa,"Maize	 ",2011,72460,24600,2946,2651.4
Jumla,"Maize	 ",2011,6750,4500,1500,1740.6
Kailali,"Maize	 ",2011,12000,6000,2000,1497.2
Kalikot,"Maize	 ",2011,5215,2520,2069,1448.4
Kanchanpur,"Maize	 ",2011,11900,5950,2000,1450
Kapilbastu,"Maize	 ",2011,1920,760,2526,1756.4
Kaski,"Maize	 ",2011,32943,14010,2351,2336.7
Kathmandu,"Maize	 ",2011,28496,7124,4000,2195.5
Kavre,"Maize	 ",2011,62937,24300,2590,2186.5
Khotang,"Maize	 ",2011,63908,25000,2556,1777.1
Lalitpur,"Maize	 ",2011,34579,10806,3200,2222.6
Lamjung,"Maize	 ",2011,39591,15900,2490,2158.2
Mahottari,"Maize	 ",2011,6451.5,2435,2649,1647.2
Makwanpur,"Maize	 ",2011,40456,23636,1712,2068.1
Manang,"Maize	 ",2011,425,175,2429,1688.7
Morang,"Maize	 ",2011,45300,15100,3000,2149.4
Mugu,"Maize	 ",2011,959,610,1572,1372
Mustang,"Maize	 ",2011,810,525,1543,1145.2
Myagdi,"Maize	 ",2011,34151,11115,3073,1988.2
Nawalparasi,"Maize	 ",2011,26000,8400,3095,1878.4
Nuwakot,"Maize	 ",2011,56811,19590,2900,2102.4
Okhaldhunga,"Maize	 ",2011,27760,12400,2239,1842.1
Palpa,"Maize	 ",2011,43070,20210,2131,2098.3
Panchthar,"Maize	 ",2011,21760,12800,1700,2457.7
Parbat,"Maize	 ",2011,28762,14000,2054,2310.4
Parsa,"Maize	 ",2011,16288,4072,4000,1809.3
Pyuthan,"Maize	 ",2011,20390,12058,1691,1717.5
Ramechhap,"Maize	 ",2011,50102,20041,2500,2076.3
Rasuwa,"Maize	 ",2011,4700.52,2374,1980,2084
Rautahat,"Maize	 ",2011,5292,1680,3150,1785.8
Rolpa,"Maize	 ",2011,25302,11667,2169,1598
Rukum,"Maize	 ",2011,30213,16785,1800,1539.3
Rupandehi,"Maize	 ",2011,6900,2300,3000,1846.3
Salyan,"Maize	 ",2011,27803,11588,2399,1431.3
Sankhuwasabha,"Maize	 ",2011,22193.5,13055,1700,2809.1
Saptari,"Maize	 ",2011,8000,4000,2000,1631.4
Sarlahi,"Maize	 ",2011,17062.5,10050,1698,1755.2
Sindhuli,"Maize	 ",2011,40170,15450,2600,1876.9
Sindhupalchok,"Maize	 ",2011,57078.25,24925,2290,2340
Siraha,"Maize	 ",2011,6820,3100,2200,1575.6
Solukhumbu,"Maize	 ",2011,32388,12955,2500,2252.1
Sunsari,"Maize	 ",2011,21966,7845,2800,1845.3
Surkhet,"Maize	 ",2011,45692,16100,2838,1428.4
Syangja,"Maize	 ",2011,92750,26500,3500,2314.1
Tanahu,"Maize	 ",2011,63970,22150,2888,2267.8
Taplejung,"Maize	 ",2011,38116,16075,2371,2791.8
Tehrathum,"Maize	 ",2011,25935,12350,2100,2192.3
Udayapur,"Maize	 ",2011,34913.5,16880,2068,1693.5
Achham,"Millet	 ",2011,3310,3412,970,1435
Arghakhanchi,"Millet	 ",2011,608,507,1199,1853.4
Baglung,"Millet	 ",2011,22386,18655,1200,2051.4
Baitadi,"Millet	 ",2011,700,500,1400,1599.9
Bajhang,"Millet	 ",2011,2057,2286,900,1458.8
Bajura,"Millet	 ",2011,2871,2610,1100,1350.4
Banke,"Millet	 ",2011,0,0,0,1356
Bara,"Millet	 ",2011,98.56,77,1280,1804.8
Bardiya,"Millet	 ",2011,0,0,0,1375.7
Bhaktapur,"Millet	 ",2011,140,100,1400,2234.6
Bhojpur,"Millet	 ",2011,4954.5,5505,900,1922.5
Chitwan,"Millet	 ",2011,1750,1750,1000,1986.5
Dadeldhura,"Millet	 ",2011,260,320,813,1532.9
Dailekh,"Millet	 ",2011,2518,2422,1040,1377.8
Dang,"Millet	 ",2011,100,100,1000,1481
Darchula,"Millet	 ",2011,1310,1310,1000,1605.4
Dhading,"Millet	 ",2011,6930,6930,1000,2055.7
Dhankuta,"Millet	 ",2011,7810,7810,1000,2006.9
Dhanusa,"Millet	 ",2011,300,300,1000,1605.8
Dolakha,"Millet	 ",2011,4630.6,3562,1300,2271.7
Dolpa,"Millet	 ",2011,487.5,325,1500,1324.2
Doti,"Millet	 ",2011,5825,5825,1000,1548.9
Gorkha,"Millet	 ",2011,11605,11605,1000,1921.8
Gulmi,"Millet	 ",2011,2863.5,2922,980,2014.2
Humla,"Millet	 ",2011,1216,1280,950,1436.2
Ilam,"Millet	 ",2011,3000,3000,1000,2644.2
Jajarkot,"Millet	 ",2011,3708,2060,1800,1617.3
Jhapa,"Millet	 ",2011,2160,1800,1200,2651.4
Jumla,"Millet	 ",2011,3700,3700,1000,1740.6
Kailali,"Millet	 ",2011,450,400,1125,1497.2
Kalikot,"Millet	 ",2011,3700,3700,1000,1448.4
Kanchanpur,"Millet	 ",2011,0,0,0,1450
Kapilbastu,"Millet	 ",2011,0,0,0,1756.4
Kaski,"Millet	 ",2011,17700,15110,1171,2336.7
Kathmandu,"Millet	 ",2011,852,852,1000,2195.5
Kavre,"Millet	 ",2011,3850,3500,1100,2186.5
Khotang,"Millet	 ",2011,23940,21375,1120,1777.1
Lalitpur,"Millet	 ",2011,690,575,1200,2222.6
Lamjung,"Millet	 ",2011,9898,7919,1250,2158.2
Mahottari,"Millet	 ",2011,215,215,1000,1647.2
Makwanpur,"Millet	 ",2011,3254,2660,1223,2068.1
Manang,"Millet	 ",2011,0,0,0,1688.7
Morang,"Millet	 ",2011,1812,1510,1200,2149.4
Mugu,"Millet	 ",2011,1315,4500,292,1372
Mustang,"Millet	 ",2011,0,0,0,1145.2
Myagdi,"Millet	 ",2011,3386,3048,1111,1988.2
Nawalparasi,"Millet	 ",2011,495,450,1100,1878.4
Nuwakot,"Millet	 ",2011,10681.2,5805,1840,2102.4
Okhaldhunga,"Millet	 ",2011,11840.8,7790,1520,1842.1
Palpa,"Millet	 ",2011,2590,2540,1020,2098.3
Panchthar,"Millet	 ",2011,9350,5000,1870,2457.7
Parbat,"Millet	 ",2011,8049,8845,910,2310.4
Parsa,"Millet	 ",2011,75.44,82,920,1809.3
Pyuthan,"Millet	 ",2011,2000,1985,1008,1717.5
Ramechhap,"Millet	 ",2011,6068.4,5057,1200,2076.3
Rasuwa,"Millet	 ",2011,901.6,980,920,2084
Rautahat,"Millet	 ",2011,51,60,850,1785.8
Rolpa,"Millet	 ",2011,1059,1059,1000,1598
Rukum,"Millet	 ",2011,912,960,950,1539.3
Rupandehi,"Millet	 ",2011,0,0,0,1846.3
Salyan,"Millet	 ",2011,2320,1780,1303,1431.3
Sankhuwasabha,"Millet	 ",2011,9975,9975,1000,2809.1
Saptari,"Millet	 ",2011,375,250,1500,1631.4
Sarlahi,"Millet	 ",2011,1000,1000,1000,1755.2
Sindhuli,"Millet	 ",2011,10449,11610,900,1876.9
Sindhupalchok,"Millet	 ",2011,21263,19330,1100,2340
Siraha,"Millet	 ",2011,600,600,1000,1575.6
Solukhumbu,"Millet	 ",2011,2940,2100,1400,2252.1
Sunsari,"Millet	 ",2011,744,800,930,1845.3
Surkhet,"Millet	 ",2011,2800,2095,1337,1428.4
Syangja,"Millet	 ",2011,19325,16805,1150,2314.1
Tanahu,"Millet	 ",2011,6710,6710,1000,2267.8
Taplejung,"Millet	 ",2011,3508,3050,1150,2791.8
Tehrathum,"Millet	 ",2011,3061,2700,1134,2192.3
Udayapur,"Millet	 ",2011,4377.5,2575,1700,1693.5
Achham,"Barley	 ",2011,250,510,490,1435
Arghakhanchi,"Barley	 ",2011,570,475,1200,1853.4
Baglung,"Barley	 ",2011,1265,1006,1257,2051.4
Baitadi,"Barley	 ",2011,600,550,1091,1599.9
Bajhang,"Barley	 ",2011,1550,1500,1033,1458.8
Bajura,"Barley	 ",2011,1700,1000,1700,1350.4
Banke,"Barley	 ",2011,10,10,1000,1356
Bara,"Barley	 ",2011,64,72,889,1804.8
Bardiya,"Barley	 ",2011,10,10,1000,1375.7
Bhaktapur,"Barley	 ",2011,55,50,1100,2234.6
Bhojpur,"Barley	 ",2011,25,25,1000,1922.5
Chitwan,"Barley	 ",2011,61,61,1000,1986.5
Dadeldhura,"Barley	 ",2011,225,220,1023,1532.9
Dailekh,"Barley	 ",2011,285,190,1500,1377.8
Dang,"Barley	 ",2011,45,50,900,1481
Darchula,"Barley	 ",2011,1250,1200,1042,1605.4
Dhading,"Barley	 ",2011,350,350,1000,2055.7
Dhankuta,"Barley	 ",2011,10,10,1000,2006.9
Dhanusa,"Barley	 ",2011,1,1,1000,1605.8
Dolakha,"Barley	 ",2011,230,219,1050,2271.7
Dolpa,"Barley	 ",2011,4000,2400,1667,1324.2
Doti,"Barley	 ",2011,250,245,1020,1548.9
Gorkha,"Barley	 ",2011,100,100,1000,1921.8
Gulmi,"Barley	 ",2011,555,370,1500,2014.2
Humla,"Barley	 ",2011,171.3,112,1529,1436.2
Ilam,"Barley	 ",2011,55,55,1000,2644.2
Jajarkot,"Barley	 ",2011,560,700,800,1617.3
Jhapa,"Barley	 ",2011,6,8,750,2651.4
Jumla,"Barley	 ",2011,6750,4500,1500,1740.6
Kailali,"Barley	 ",2011,650,550,1182,1497.2
Kalikot,"Barley	 ",2011,5215,2520,2069,1448.4
Kanchanpur,"Barley	 ",2011,10,10,1000,1450
Kapilbastu,"Barley	 ",2011,380,200,1900,1756.4
Kaski,"Barley	 ",2011,121,138,877,2336.7
Kathmandu,"Barley	 ",2011,7,7,1000,2195.5
Kavre,"Barley	 ",2011,825,750,1100,2186.5
Khotang,"Barley	 ",2011,435,470,926,1777.1
Lalitpur,"Barley	 ",2011,70,70,1000,2222.6
Lamjung,"Barley	 ",2011,28,28,1000,2158.2
Mahottari,"Barley	 ",2011,10,10,1000,1647.2
Makwanpur,"Barley	 ",2011,26,20,1300,2068.1
Manang,"Barley	 ",2011,200,100,2000,1688.7
Morang,"Barley	 ",2011,0,0,0,2149.4
Mugu,"Barley	 ",2011,959,610,1572,1372
Mustang,"Barley	 ",2011,500,270,1852,1145.2
Myagdi,"Barley	 ",2011,359,360,997,1988.2
Nawalparasi,"Barley	 ",2011,180,90,2000,1878.4
Nuwakot,"Barley	 ",2011,200,200,1000,2102.4
Okhaldhunga,"Barley	 ",2011,100,100,1000,1842.1
Palpa,"Barley	 ",2011,39,28,1393,2098.3
Panchthar,"Barley	 ",2011,593,494,1200,2457.7
Parbat,"Barley	 ",2011,105,118,890,2310.4
Parsa,"Barley	 ",2011,48,40,1200,1809.3
Pyuthan,"Barley	 ",2011,785,510,1539,1717.5
Ramechhap,"Barley	 ",2011,110,170,647,2076.3
Rasuwa,"Barley	 ",2011,398,300,1327,2084
Rautahat,"Barley	 ",2011,5,5,1000,1785.8
Rolpa,"Barley	 ",2011,920,736,1250,1598
Rukum,"Barley	 ",2011,1480,925,1600,1539.3
Rupandehi,"Barley	 ",2011,30,100,300,1846.3
Salyan,"Barley	 ",2011,1410,1270,1110,1431.3
Sankhuwasabha,"Barley	 ",2011,26,35,743,2809.1
Saptari,"Barley	 ",2011,0,0,0,1631.4
Sarlahi,"Barley	 ",2011,50,300,167,1755.2
Sindhuli,"Barley	 ",2011,65,56,1161,1876.9
Sindhupalchok,"Barley	 ",2011,210,210,1000,2340
Siraha,"Barley	 ",2011,0,0,0,1575.6
Solukhumbu,"Barley	 ",2011,200,200,1000,2252.1
Sunsari,"Barley	 ",2011,0,0,0,1845.3
Surkhet,"Barley	 ",2011,1360,1030,1320,1428.4
Syangja,"Barley	 ",2011,8,9,889,2314.1
Tanahu,"Barley	 ",2011,6,6,1000,2267.8
Taplejung,"Barley	 ",2011,280,240,1167,2791.8
Tehrathum,"Barley	 ",2011,67,75,893,2192.3
Udayapur,"Barley	 ",2011,37,39,949,1693.5
Achham,Buckwheat,2011,0,0,0,1435
Arghakhanchi,Buckwheat,2011,292,325,898.46,1853.4
Baglung,Buckwheat,2011,110,110,1000,2051.4
Baitadi,Buckwheat,2011,0,0,0,1599.9
Bajhang,Buckwheat,2011,3.6,7,514.29,1458.8
Bajura,Buckwheat,2011,11.2,7,1600,1350.4
Banke,Buckwheat,2011,0,0,0,1356
Bara,Buckwheat,2011,0,0,0,1804.8
Bardiya,Buckwheat,2011,0,0,0,1375.7
Bhaktapur,Buckwheat,2011,0,0,0,2234.6
Bhojpur,Buckwheat,2011,12.5,17.5,714.29,1922.5
Chitwan,Buckwheat,2011,0,0,0,1986.5
Dadeldhura,Buckwheat,2011,0,0,0,1532.9
Dailekh,Buckwheat,2011,19.95,28.5,700,1377.8
Dang,Buckwheat,2011,0,0,0,1481
Darchula,Buckwheat,2011,85,100,850,1605.4
Dhading,Buckwheat,2011,0,0,0,2055.7
Dhankuta,Buckwheat,2011,0,0,0,2006.9
Dhanusa,Buckwheat,2011,0,0,0,1605.8
Dolakha,Buckwheat,2011,400.5,445,900,2271.7
Dolpa,Buckwheat,2011,350,350,1000,1324.2
Doti,Buckwheat,2011,7.5,5,1500,1548.9
Gorkha,Buckwheat,2011,390,390,1000,1921.8
Gulmi,Buckwheat,2011,325,205,1585.37,2014.2
Humla,Buckwheat,2011,603,670,900,1436.2
Ilam,Buckwheat,2011,20,28,714.29,2644.2
Jajarkot,Buckwheat,2011,26.4,24,1100,1617.3
Jhapa,Buckwheat,2011,1300,1300,1000,2651.4
Jumla,Buckwheat,2011,65,85,764.71,1740.6
Kailali,Buckwheat,2011,25,25,1000,1497.2
Kalikot,Buckwheat,2011,65,85,764.71,1448.4
Kanchanpur,Buckwheat,2011,0,0,0,1450
Kapilbastu,Buckwheat,2011,0,0,0,1756.4
Kaski,Buckwheat,2011,14,18,777.78,2336.7
Kathmandu,Buckwheat,2011,0,0,0,2195.5
Kavre,Buckwheat,2011,915,750,1220,2186.5
Khotang,Buckwheat,2011,432,720,600,1777.1
Lalitpur,Buckwheat,2011,30,50,600,2222.6
Lamjung,Buckwheat,2011,16,19,842.11,2158.2
Mahottari,Buckwheat,2011,0,0,0,1647.2
Makwanpur,Buckwheat,2011,159,150,1060,2068.1
Manang,Buckwheat,2011,437,205,2131.71,1688.7
Morang,Buckwheat,2011,62,65,953.85,2149.4
Mugu,Buckwheat,2011,495,495,1000,1372
Mustang,Buckwheat,2011,955,575,1660.87,1145.2
Myagdi,Buckwheat,2011,50,52,961.54,1988.2
Nawalparasi,Buckwheat,2011,135,220,613.64,1878.4
Nuwakot,Buckwheat,2011,60,60,1000,2102.4
Okhaldhunga,Buckwheat,2011,65.25,75,870,1842.1
Palpa,Buckwheat,2011,422,450,937.78,2098.3
Panchthar,Buckwheat,2011,42,60,700,2457.7
Parbat,Buckwheat,2011,33,35,942.86,2310.4
Parsa,Buckwheat,2011,0,0,0,1809.3
Pyuthan,Buckwheat,2011,10.5,13,807.69,1717.5
Ramechhap,Buckwheat,2011,19,19,1000,2076.3
Rasuwa,Buckwheat,2011,0,0,0,2084
Rautahat,Buckwheat,2011,0,0,0,1785.8
Rolpa,Buckwheat,2011,65,122,532.79,1598
Rukum,Buckwheat,2011,0,0,0,1539.3
Rupandehi,Buckwheat,2011,0,0,0,1846.3
Salyan,Buckwheat,2011,80,75,1066.67,1431.3
Sankhuwasabha,Buckwheat,2011,11,20,550,2809.1
Saptari,Buckwheat,2011,0,0,0,1631.4
Sarlahi,Buckwheat,2011,0,0,0,1755.2
Sindhuli,Buckwheat,2011,267.5,535,500,1876.9
Sindhupalchok,Buckwheat,2011,11.25,25,450,2340
Siraha,Buckwheat,2011,0,0,0,1575.6
Solukhumbu,Buckwheat,2011,224,320,700,2252.1
Sunsari,Buckwheat,2011,372,400,930,1845.3
Surkhet,Buckwheat,2011,0,0,0,1428.4
Syangja,Buckwheat,2011,130,205,634.15,2314.1
Tanahu,Buckwheat,2011,184,191,963.35,2267.8
Taplejung,Buckwheat,2011,170,155,1096.77,2791.8
Tehrathum,Buckwheat,2011,26,35,742.86,2192.3
Udayapur,Buckwheat,2011,17.1,18,950,1693.5
Achham,Paddy,2012,31138,12569,2477,1635
Arghakhanchi,Paddy,2012,25437,8672,2933,1973.3
Baglung,Paddy,2012,18316,5934,3087,2324.8
Baitadi,Paddy,2012,14280,6500,2197,1829.5
Bajhang,Paddy,2012,20528,7006,2930,1651.8
Bajura,Paddy,2012,7613,3310,2300,1506.7
Banke,Paddy,2012,109226,33675,3244,1452.5
Bara,Paddy,2012,231880,53400,4342,1848.5
Bardiya,Paddy,2012,159575,45000,3546,1540.2
Bhaktapur,Paddy,2012,25653,4348,5900,2292.2
Bhojpur,Paddy,2012,44299,16150,2743,1997.2
Chitwan,Paddy,2012,94800,28625,3312,2080.5
Dadeldhura,Paddy,2012,16414,6221,2638,1756.7
Dailekh,Paddy,2012,25953,8507,3051,1559.3
Dang,Paddy,2012,157384,37500,4197,1600.1
Darchula,Paddy,2012,11027,4480,2461,1826.8
Dhading,Paddy,2012,33349,12262,2720,2282.8
Dhankuta,Paddy,2012,18859,8495,2220,2060.8
Dhanusa,Paddy,2012,125054,45790,2731,1598.1
Dolakha,Paddy,2012,5625,3150,1786,2325.7
Dolpa,Paddy,2012,570,276,2065,1519.2
Doti,Paddy,2012,22844,11715,1950,1773.2
Gorkha,Paddy,2012,37555,12661,2966,2193.4
Gulmi,Paddy,2012,22312,10408,2144,2211.2
Humla,Paddy,2012,915,575,1591,1571.2
Ilam,Paddy,2012,45185,14815,3050,2644.5
Jajarkot,Paddy,2012,10403,3737,2784,1833.9
Jhapa,Paddy,2012,320790,86700,3700,2613.5
Jumla,Paddy,2012,6490,2950,2200,1949.1
Kailali,Paddy,2012,185980,64400,2888,1706
Kalikot,Paddy,2012,6240,3062,2038,1616
Kanchanpur,Paddy,2012,138630,44500,3115,1680.4
Kapilbastu,Paddy,2012,205118,71000,2889,1739.4
Kaski,Paddy,2012,78256,21500,3640,2671.9
Kathmandu,Paddy,2012,48500,7950,6101,2294.5
Kavre,Paddy,2012,36350,10310,3526,2163.5
Khotang,Paddy,2012,30248,15200,1990,1836
Lalitpur,Paddy,2012,25272,4680,5400,2222.1
Lamjung,Paddy,2012,42115,16153,2607,2466.4
Mahottari,Paddy,2012,83584,28160,2968,1614.8
Makwanpur,Paddy,2012,36663,11110,3300,2122.5
Manang,Paddy,2012,0,0,0,1941.8
Morang,Paddy,2012,259289,82840,3130,2136
Mugu,Paddy,2012,2700,1394,1937,1543.8
Mustang,Paddy,2012,0,0,0,1297.3
Myagdi,Paddy,2012,12060,3895,3096,2293.5
Nawalparasi,Paddy,2012,179110,45690,3920,1899.5
Nuwakot,Paddy,2012,57500,14650,3925,2278.1
Okhaldhunga,Paddy,2012,14361,6244,2300,1888.1
Palpa,Paddy,2012,32292,9566,3376,2247.5
Panchthar,Paddy,2012,22600,11300,2000,2485.8
Parbat,Paddy,2012,26281,8830,2976,2572.9
Parsa,Paddy,2012,164360,44360,3705,1871
Pyuthan,Paddy,2012,18950,6410,2956,1913.8
Ramechhap,Paddy,2012,26530,9408,2820,2105.4
Rasuwa,Paddy,2012,2982,1304,2287,2298.1
Rautahat,Paddy,2012,67575,30125,2243,1785.8
Rolpa,Paddy,2012,11787,4715,2500,1857.4
Rukum,Paddy,2012,10330,3562,2900,1788.2
Rupandehi,Paddy,2012,319695,70000,4567,1873.2
Salyan,Paddy,2012,23294,6950,3352,1620.3
Sankhuwasabha,Paddy,2012,23701,15801,1500,2933.7
Saptari,Paddy,2012,60388,30219,1998,1630.9
Sarlahi,Paddy,2012,92905,38400,2419,1732
Sindhuli,Paddy,2012,34910,11265,3099,1869.9
Sindhupalchok,Paddy,2012,26486,12220,2167,2441
Siraha,Paddy,2012,53814,31175,1726,1584.8
Solukhumbu,Paddy,2012,3366,1530,2200,2331.8
Sunsari,Paddy,2012,160650,52550,3057,1851
Surkhet,Paddy,2012,48869,14000,3491,1629.9
Syangja,Paddy,2012,60829,17030,3572,2541.2
Tanahu,Paddy,2012,48168,14865,3240,2490.8
Taplejung,Paddy,2012,10913,4850,2250,2866.5
Tehrathum,Paddy,2012,23784,10341,2300,2256.6
Udayapur,Paddy,2012,43594,11625,3750,1723.3
Achham,Wheat,2012,24145,15332,1575,1635
Arghakhanchi,Wheat,2012,13698,7340,1866,1973.3
Baglung,Wheat,2012,13298,7060,1884,2324.8
Baitadi,Wheat,2012,24000,12000,2000,1829.5
Bajhang,Wheat,2012,21964,10982,2000,1651.8
Bajura,Wheat,2012,8831,4950,1784,1506.7
Banke,Wheat,2012,55900,17836,3134,1452.5
Bara,Wheat,2012,94600,29200,3240,1848.5
Bardiya,Wheat,2012,74400,23500,3166,1540.2
Bhaktapur,Wheat,2012,11559,3150,3670,2292.2
Bhojpur,Wheat,2012,5520,2510,2199,1997.2
Chitwan,Wheat,2012,30125,8750,3443,2080.5
Dadeldhura,Wheat,2012,18985,8710,2180,1756.7
Dailekh,Wheat,2012,27219,16850,1615,1559.3
Dang,Wheat,2012,29995,12650,2371,1600.1
Darchula,Wheat,2012,13312,5965,2232,1826.8
Dhading,Wheat,2012,12101,4810,2516,2282.8
Dhankuta,Wheat,2012,3385,1400,2418,2060.8
Dhanusa,Wheat,2012,108000,40000,2700,1598.1
Dolakha,Wheat,2012,6278,4650,1350,2325.7
Dolpa,Wheat,2012,6300,2600,2423,1519.2
Doti,Wheat,2012,33915,16150,2100,1773.2
Gorkha,Wheat,2012,7234,3910,1850,2193.4
Gulmi,Wheat,2012,16048,8105,1980,2211.2
Humla,Wheat,2012,1173,1015,1156,1571.2
Ilam,Wheat,2012,12960,4700,2757,2644.5
Jajarkot,Wheat,2012,14886,11900,1251,1833.9
Jhapa,Wheat,2012,21750,6500,3346,2613.5
Jumla,Wheat,2012,5390,2450,2200,1949.1
Kailali,Wheat,2012,69000,34500,2000,1706
Kalikot,Wheat,2012,9545,5450,1751,1616
Kanchanpur,Wheat,2012,72210,32255,2239,1680.4
Kapilbastu,Wheat,2012,81248,27250,2982,1739.4
Kaski,Wheat,2012,16100,6821,2360,2671.9
Kathmandu,Wheat,2012,16138,4829,3342,2294.5
Kavre,Wheat,2012,20905,9950,2101,2163.5
Khotang,Wheat,2012,12535,5535,2265,1836
Lalitpur,Wheat,2012,12340,4050,3047,2222.1
Lamjung,Wheat,2012,1275,600,2125,2466.4
Mahottari,Wheat,2012,63312,26815,2361,1614.8
Makwanpur,Wheat,2012,12150,4213,2884,2122.5
Manang,Wheat,2012,568,258,2202,1941.8
Morang,Wheat,2012,36438,16000,2277,2136
Mugu,Wheat,2012,7917,4350,1820,1543.8
Mustang,Wheat,2012,1080,600,1800,1297.3
Myagdi,Wheat,2012,6096,3048,2000,2293.5
Nawalparasi,Wheat,2012,50269,18030,2788,1899.5
Nuwakot,Wheat,2012,15062,5477,2750,2278.1
Okhaldhunga,Wheat,2012,5031,2490,2020,1888.1
Palpa,Wheat,2012,13737,6240,2201,2247.5
Panchthar,Wheat,2012,7632,3995,1910,2485.8
Parbat,Wheat,2012,6522,2605,2504,2572.9
Parsa,Wheat,2012,81600,23650,3450,1871
Pyuthan,Wheat,2012,19465,8650,2250,1913.8
Ramechhap,Wheat,2012,8180,4470,1830,2105.4
Rasuwa,Wheat,2012,1720,680,2529,2298.1
Rautahat,Wheat,2012,48050,15500,3100,1785.8
Rolpa,Wheat,2012,15979,8530,1873,1857.4
Rukum,Wheat,2012,26550,10620,2500,1788.2
Rupandehi,Wheat,2012,97840,30500,3208,1873.2
Salyan,Wheat,2012,29226,13613,2147,1620.3
Sankhuwasabha,Wheat,2012,3000,1450,2069,2933.7
Saptari,Wheat,2012,40000,15500,2581,1630.9
Sarlahi,Wheat,2012,65750,26500,2481,1732
Sindhuli,Wheat,2012,14230,5620,2532,1869.9
Sindhupalchok,Wheat,2012,9336,7020,1330,2441
Siraha,Wheat,2012,29800,15675,1901,1584.8
Solukhumbu,Wheat,2012,7300,3755,1944,2331.8
Sunsari,Wheat,2012,43500,15500,2806,1851
Surkhet,Wheat,2012,46015,14955,3077,1629.9
Syangja,Wheat,2012,11150,5800,1922,2541.2
Tanahu,Wheat,2012,3662,1905,1922,2490.8
Taplejung,Wheat,2012,3600,1895,1900,2866.5
Tehrathum,Wheat,2012,5900,2600,2269,2256.6
Udayapur,Wheat,2012,16286,5119,3181,1723.3
Achham,"Maize	 ",2012,9525,3350,2843,1635
Arghakhanchi,"Maize	 ",2012,49441,16914,2923,1973.3
Baglung,"Maize	 ",2012,56682,20344,2786,2324.8
Baitadi,"Maize	 ",2012,18850,14500,1300,1829.5
Bajhang,"Maize	 ",2012,6573,3652,1800,1651.8
Bajura,"Maize	 ",2012,1817,790,2300,1506.7
Banke,"Maize	 ",2012,29760,10697,2782,1452.5
Bara,"Maize	 ",2012,21120,5150,4101,1848.5
Bardiya,"Maize	 ",2012,20000,8000,2500,1540.2
Bhaktapur,"Maize	 ",2012,7876,1969,4000,2292.2
Bhojpur,"Maize	 ",2012,76470,25790,2965,1997.2
Chitwan,"Maize	 ",2012,10500,3490,3009,2080.5
Dadeldhura,"Maize	 ",2012,8236,3744,2200,1756.7
Dailekh,"Maize	 ",2012,36975,20150,1835,1559.3
Dang,"Maize	 ",2012,46891,23400,2004,1600.1
Darchula,"Maize	 ",2012,11261,5530,2036,1826.8
Dhading,"Maize	 ",2012,24383,14873,1639,2282.8
Dhankuta,"Maize	 ",2012,39312,18200,2160,2060.8
Dhanusa,"Maize	 ",2012,6662,2019,3300,1598.1
Dolakha,"Maize	 ",2012,10485,5009,2093,2325.7
Dolpa,"Maize	 ",2012,224,2177,103,1519.2
Doti,"Maize	 ",2012,5240,2630,1992,1773.2
Gorkha,"Maize	 ",2012,45471,19353,2350,2193.4
Gulmi,"Maize	 ",2012,58542,24856,2355,2211.2
Humla,"Maize	 ",2012,171,112,1527,1571.2
Ilam,"Maize	 ",2012,78385,31480,2490,2644.5
Jajarkot,"Maize	 ",2012,11930,7890,1512,1833.9
Jhapa,"Maize	 ",2012,82140,36185,2270,2613.5
Jumla,"Maize	 ",2012,5400,4500,1200,1949.1
Kailali,"Maize	 ",2012,12000,5700,2105,1706
Kalikot,"Maize	 ",2012,5215,2520,2069,1616
Kanchanpur,"Maize	 ",2012,10450,5950,1756,1680.4
Kapilbastu,"Maize	 ",2012,3350,1400,2393,1739.4
Kaski,"Maize	 ",2012,42549,15573,2732,2671.9
Kathmandu,"Maize	 ",2012,27203,7100,3831,2294.5
Kavre,"Maize	 ",2012,48334,25353,1906,2163.5
Khotang,"Maize	 ",2012,69232,31066,2229,1836
Lalitpur,"Maize	 ",2012,24049,8589,2800,2222.1
Lamjung,"Maize	 ",2012,35654,15900,2242,2466.4
Mahottari,"Maize	 ",2012,1500,750,2000,1614.8
Makwanpur,"Maize	 ",2012,63114,23636,2670,2122.5
Manang,"Maize	 ",2012,485,189,2566,1941.8
Morang,"Maize	 ",2012,5379,1630,3300,2136
Mugu,"Maize	 ",2012,1170,610,1918,1543.8
Mustang,"Maize	 ",2012,770,525,1467,1297.3
Myagdi,"Maize	 ",2012,39665,11129,3564,2293.5
Nawalparasi,"Maize	 ",2012,35025,10750,3258,1899.5
Nuwakot,"Maize	 ",2012,41434,20100,2061,2278.1
Okhaldhunga,"Maize	 ",2012,26040,12400,2100,1888.1
Palpa,"Maize	 ",2012,40368,21580,1871,2247.5
Panchthar,"Maize	 ",2012,12240,8000,1530,2485.8
Parbat,"Maize	 ",2012,30023,14285,2102,2572.9
Parsa,"Maize	 ",2012,14263,4075,3500,1871
Pyuthan,"Maize	 ",2012,18351,12058,1522,1913.8
Ramechhap,"Maize	 ",2012,51355,21398,2400,2105.4
Rasuwa,"Maize	 ",2012,3549,2324,1527,2298.1
Rautahat,"Maize	 ",2012,5544,1680,3300,1785.8
Rolpa,"Maize	 ",2012,16304,10305,1582,1857.4
Rukum,"Maize	 ",2012,16013,15107,1060,1788.2
Rupandehi,"Maize	 ",2012,10530,2550,4129,1873.2
Salyan,"Maize	 ",2012,22242,11560,1924,1620.3
Sankhuwasabha,"Maize	 ",2012,22226,13074,1700,2933.7
Saptari,"Maize	 ",2012,750,300,2500,1630.9
Sarlahi,"Maize	 ",2012,19677,3655,5384,1732
Sindhuli,"Maize	 ",2012,44410,18510,2399,1869.9
Sindhupalchok,"Maize	 ",2012,50833,24900,2041,2441
Siraha,"Maize	 ",2012,3150,1750,1800,1584.8
Solukhumbu,"Maize	 ",2012,32517,12955,2510,2331.8
Sunsari,"Maize	 ",2012,27000,7845,3442,1851
Surkhet,"Maize	 ",2012,43407,16100,2696,1629.9
Syangja,"Maize	 ",2012,92675,30905,2999,2541.2
Tanahu,"Maize	 ",2012,71630,26045,2750,2490.8
Taplejung,"Maize	 ",2012,27450,9150,3000,2866.5
Tehrathum,"Maize	 ",2012,26288,12400,2120,2256.6
Udayapur,"Maize	 ",2012,23275,9500,2450,1723.3
Achham,"Millet	 ",2012,3310,1310,2527,1635
Arghakhanchi,"Millet	 ",2012,606,2918,208,1973.3
Baglung,"Millet	 ",2012,21989,2743,8016,2324.8
Baitadi,"Millet	 ",2012,910,5810,157,1829.5
Bajhang,"Millet	 ",2012,2057,2610,788,1651.8
Bajura,"Millet	 ",2012,2610,0,0,1506.7
Banke,"Millet	 ",2012,0,20,0,1452.5
Bara,"Millet	 ",2012,91,70,1300,1848.5
Bardiya,"Millet	 ",2012,0,0,0,1540.2
Bhaktapur,"Millet	 ",2012,150,106,1415,2292.2
Bhojpur,"Millet	 ",2012,4404,5505,800,1997.2
Chitwan,"Millet	 ",2012,1650,1650,1000,2080.5
Dadeldhura,"Millet	 ",2012,260,700,371,1756.7
Dailekh,"Millet	 ",2012,2643,2106,1255,1559.3
Dang,"Millet	 ",2012,20,2095,10,1600.1
Darchula,"Millet	 ",2012,786,2286,344,1826.8
Dhading,"Millet	 ",2012,6445,6930,930,2282.8
Dhankuta,"Millet	 ",2012,7780,7780,1000,2060.8
Dhanusa,"Millet	 ",2012,300,300,1000,1598.1
Dolakha,"Millet	 ",2012,4200,3568,1177,2325.7
Dolpa,"Millet	 ",2012,273,0,0,1519.2
Doti,"Millet	 ",2012,5810,3414,1702,1773.2
Gorkha,"Millet	 ",2012,13926,0,0,2193.4
Gulmi,"Millet	 ",2012,2589,18635,139,2211.2
Humla,"Millet	 ",2012,1280,4500,284,1571.2
Ilam,"Millet	 ",2012,2670,3000,890,2644.5
Jajarkot,"Millet	 ",2012,3859,1780,2168,1833.9
Jhapa,"Millet	 ",2012,1785,1785,1000,2613.5
Jumla,"Millet	 ",2012,4560,1216,3750,1949.1
Kailali,"Millet	 ",2012,450,320,1406,1706
Kalikot,"Millet	 ",2012,1291,3800,340,1616
Kanchanpur,"Millet	 ",2012,0,400,0,1680.4
Kapilbastu,"Millet	 ",2012,0,0,0,1739.4
Kaski,"Millet	 ",2012,17094,6710,2548,2671.9
Kathmandu,"Millet	 ",2012,850,850,1000,2294.5
Kavre,"Millet	 ",2012,3506,3505,1000,2163.5
Khotang,"Millet	 ",2012,24512,21315,1150,1836
Lalitpur,"Millet	 ",2012,690,575,1200,2222.1
Lamjung,"Millet	 ",2012,9936,11605,856,2466.4
Mahottari,"Millet	 ",2012,0,0,0,1614.8
Makwanpur,"Millet	 ",2012,3257,2660,1224,2122.5
Manang,"Millet	 ",2012,0,0,0,1941.8
Morang,"Millet	 ",2012,1812,1510,1200,2136
Mugu,"Millet	 ",2012,4500,390,11538,1543.8
Mustang,"Millet	 ",2012,0,0,0,1297.3
Myagdi,"Millet	 ",2012,3390,2540,1335,2293.5
Nawalparasi,"Millet	 ",2012,495,505,980,1899.5
Nuwakot,"Millet	 ",2012,9153,5085,1800,2278.1
Okhaldhunga,"Millet	 ",2012,9998,7751,1290,1888.1
Palpa,"Millet	 ",2012,2588,16805,154,2247.5
Panchthar,"Millet	 ",2012,9350,5000,1870,2485.8
Parbat,"Millet	 ",2012,7630,14757,517,2572.9
Parsa,"Millet	 ",2012,77,85,906,1871
Pyuthan,"Millet	 ",2012,2005,1061,1890,1913.8
Ramechhap,"Millet	 ",2012,4425,5060,875,2105.4
Rasuwa,"Millet	 ",2012,791,980,807,2298.1
Rautahat,"Millet	 ",2012,51,60,850,1785.8
Rolpa,"Millet	 ",2012,1059,960,1103,1857.4
Rukum,"Millet	 ",2012,922,1232,748,1788.2
Rupandehi,"Millet	 ",2012,0,450,0,1873.2
Salyan,"Millet	 ",2012,2204,1985,1110,1620.3
Sankhuwasabha,"Millet	 ",2012,10180,9981,1020,2933.7
Saptari,"Millet	 ",2012,215,250,860,1630.9
Sarlahi,"Millet	 ",2012,950,950,1000,1732
Sindhuli,"Millet	 ",2012,9196,11635,790,1869.9
Sindhupalchok,"Millet	 ",2012,21252,19320,1100,2441
Siraha,"Millet	 ",2012,574,645,890,1584.8
Solukhumbu,"Millet	 ",2012,2520,2100,1200,2331.8
Sunsari,"Millet	 ",2012,1078,1185,910,1851
Surkhet,"Millet	 ",2012,2750,2422,1135,1629.9
Syangja,"Millet	 ",2012,19326,8770,2204,2541.2
Tanahu,"Millet	 ",2012,6710,7919,847,2490.8
Taplejung,"Millet	 ",2012,3507,3050,1150,2866.5
Tehrathum,"Millet	 ",2012,3300,2750,1200,2256.6
Udayapur,"Millet	 ",2012,5031,2580,1950,1723.3
Achham,"Barley	 ",2012,563,512,1100,1635
Arghakhanchi,"Barley	 ",2012,570,475,1200,1973.3
Baglung,"Barley	 ",2012,1223,978,1251,2324.8
Baitadi,"Barley	 ",2012,1600,1000,1600,1829.5
Bajhang,"Barley	 ",2012,2836,3726,761,1651.8
Bajura,"Barley	 ",2012,1500,1072,1399,1506.7
Banke,"Barley	 ",2012,10,10,1000,1452.5
Bara,"Barley	 ",2012,63,72,875,1848.5
Bardiya,"Barley	 ",2012,10,10,1000,1540.2
Bhaktapur,"Barley	 ",2012,55,50,1100,2292.2
Bhojpur,"Barley	 ",2012,25,25,1000,1997.2
Chitwan,"Barley	 ",2012,50,50,1000,2080.5
Dadeldhura,"Barley	 ",2012,209,220,950,1756.7
Dailekh,"Barley	 ",2012,261,195,1338,1559.3
Dang,"Barley	 ",2012,50,50,1000,1600.1
Darchula,"Barley	 ",2012,1670,1116,1496,1826.8
Dhading,"Barley	 ",2012,360,350,1029,2282.8
Dhankuta,"Barley	 ",2012,10,10,1000,2060.8
Dhanusa,"Barley	 ",2012,1,1,1000,1598.1
Dolakha,"Barley	 ",2012,210,200,1050,2325.7
Dolpa,"Barley	 ",2012,500,300,1667,1519.2
Doti,"Barley	 ",2012,240,240,1000,1773.2
Gorkha,"Barley	 ",2012,118,107,1103,2193.4
Gulmi,"Barley	 ",2012,627,380,1650,2211.2
Humla,"Barley	 ",2012,847,687,1233,1571.2
Ilam,"Barley	 ",2012,50,55,909,2644.5
Jajarkot,"Barley	 ",2012,360,600,600,1833.9
Jhapa,"Barley	 ",2012,6,8,750,2613.5
Jumla,"Barley	 ",2012,7320,3950,1853,1949.1
Kailali,"Barley	 ",2012,660,550,1200,1706
Kalikot,"Barley	 ",2012,750,1028,730,1616
Kanchanpur,"Barley	 ",2012,10,10,1000,1680.4
Kapilbastu,"Barley	 ",2012,400,200,2000,1739.4
Kaski,"Barley	 ",2012,113,131,863,2671.9
Kathmandu,"Barley	 ",2012,8,8,1000,2294.5
Kavre,"Barley	 ",2012,1425,750,1900,2163.5
Khotang,"Barley	 ",2012,430,440,977,1836
Lalitpur,"Barley	 ",2012,70,65,1077,2222.1
Lamjung,"Barley	 ",2012,25,25,1000,2466.4
Mahottari,"Barley	 ",2012,10,10,1000,1614.8
Makwanpur,"Barley	 ",2012,26,20,1300,2122.5
Manang,"Barley	 ",2012,292,177,1650,1941.8
Morang,"Barley	 ",2012,0,0,0,2136
Mugu,"Barley	 ",2012,1860,1550,1200,1543.8
Mustang,"Barley	 ",2012,500,270,1852,1297.3
Myagdi,"Barley	 ",2012,406,309,1314,2293.5
Nawalparasi,"Barley	 ",2012,100,88,1136,1899.5
Nuwakot,"Barley	 ",2012,228,190,1200,2278.1
Okhaldhunga,"Barley	 ",2012,100,100,1000,1888.1
Palpa,"Barley	 ",2012,37,26,1423,2247.5
Panchthar,"Barley	 ",2012,552,460,1200,2485.8
Parbat,"Barley	 ",2012,105,118,890,2572.9
Parsa,"Barley	 ",2012,39,39,1000,1871
Pyuthan,"Barley	 ",2012,790,510,1549,1913.8
Ramechhap,"Barley	 ",2012,142,175,811,2105.4
Rasuwa,"Barley	 ",2012,383,290,1321,2298.1
Rautahat,"Barley	 ",2012,5,5,1000,1785.8
Rolpa,"Barley	 ",2012,710,499,1423,1857.4
Rukum,"Barley	 ",2012,1156,980,1180,1788.2
Rupandehi,"Barley	 ",2012,210,100,2100,1873.2
Salyan,"Barley	 ",2012,1485,1250,1188,1620.3
Sankhuwasabha,"Barley	 ",2012,30,35,857,2933.7
Saptari,"Barley	 ",2012,0,0,0,1630.9
Sarlahi,"Barley	 ",2012,275,275,1000,1732
Sindhuli,"Barley	 ",2012,78,52,1500,1869.9
Sindhupalchok,"Barley	 ",2012,205,205,1000,2441
Siraha,"Barley	 ",2012,0,0,0,1584.8
Solukhumbu,"Barley	 ",2012,200,200,1000,2331.8
Sunsari,"Barley	 ",2012,0,0,0,1851
Surkhet,"Barley	 ",2012,1370,1030,1330,1629.9
Syangja,"Barley	 ",2012,9,9,1000,2541.2
Tanahu,"Barley	 ",2012,6,6,1000,2490.8
Taplejung,"Barley	 ",2012,312,240,1300,2866.5
Tehrathum,"Barley	 ",2012,83,75,1107,2256.6
Udayapur,"Barley	 ",2012,34,40,850,1723.3
Achham,Buckwheat,2012,0,0,0,1635
Arghakhanchi,Buckwheat,2012,245,275,891,1973.3
Baglung,Buckwheat,2012,119,82,1451,2324.8
Baitadi,Buckwheat,2012,0,0,0,1829.5
Bajhang,Buckwheat,2012,4,7,571,1651.8
Bajura,Buckwheat,2012,11,7,1571,1506.7
Banke,Buckwheat,2012,0,0,0,1452.5
Bara,Buckwheat,2012,0,0,0,1848.5
Bardiya,Buckwheat,2012,0,0,0,1540.2
Bhaktapur,Buckwheat,2012,0,0,0,2292.2
Bhojpur,Buckwheat,2012,12,17,706,1997.2
Chitwan,Buckwheat,2012,0,0,0,2080.5
Dadeldhura,Buckwheat,2012,0,0,0,1756.7
Dailekh,Buckwheat,2012,20,29,690,1559.3
Dang,Buckwheat,2012,0,0,0,1600.1
Darchula,Buckwheat,2012,80,100,800,1826.8
Dhading,Buckwheat,2012,0,0,0,2282.8
Dhankuta,Buckwheat,2012,0,0,0,2060.8
Dhanusa,Buckwheat,2012,0,0,0,1598.1
Dolakha,Buckwheat,2012,401,450,891,2325.7
Dolpa,Buckwheat,2012,632,703,899,1519.2
Doti,Buckwheat,2012,8,5,1600,1773.2
Gorkha,Buckwheat,2012,395,392,1008,2193.4
Gulmi,Buckwheat,2012,205,199,1030,2211.2
Humla,Buckwheat,2012,603,670,900,1571.2
Ilam,Buckwheat,2012,17,25,680,2644.5
Jajarkot,Buckwheat,2012,31,28,1107,1833.9
Jhapa,Buckwheat,2012,1265,1265,1000,2613.5
Jumla,Buckwheat,2012,290,290,1000,1949.1
Kailali,Buckwheat,2012,25,25,1000,1706
Kalikot,Buckwheat,2012,148,105,1410,1616
Kanchanpur,Buckwheat,2012,0,0,0,1680.4
Kapilbastu,Buckwheat,2012,0,0,0,1739.4
Kaski,Buckwheat,2012,16,14,1143,2671.9
Kathmandu,Buckwheat,2012,5,5,1000,2294.5
Kavre,Buckwheat,2012,600,750,800,2163.5
Khotang,Buckwheat,2012,405,710,570,1836
Lalitpur,Buckwheat,2012,54,54,1000,2222.1
Lamjung,Buckwheat,2012,17,19,895,2466.4
Mahottari,Buckwheat,2012,0,0,0,1614.8
Makwanpur,Buckwheat,2012,159,150,1060,2122.5
Manang,Buckwheat,2012,447,221,2023,1941.8
Morang,Buckwheat,2012,65,65,1000,2136
Mugu,Buckwheat,2012,500,500,1000,1543.8
Mustang,Buckwheat,2012,955,575,1661,1297.3
Myagdi,Buckwheat,2012,50,52,962,2293.5
Nawalparasi,Buckwheat,2012,115,190,605,1899.5
Nuwakot,Buckwheat,2012,65,65,1000,2278.1
Okhaldhunga,Buckwheat,2012,91,105,867,1888.1
Palpa,Buckwheat,2012,419,450,931,2247.5
Panchthar,Buckwheat,2012,36,56,643,2485.8
Parbat,Buckwheat,2012,37,38,974,2572.9
Parsa,Buckwheat,2012,0,0,0,1871
Pyuthan,Buckwheat,2012,11,13,846,1913.8
Ramechhap,Buckwheat,2012,20,20,1000,2105.4
Rasuwa,Buckwheat,2012,0,0,0,2298.1
Rautahat,Buckwheat,2012,0,0,0,1785.8
Rolpa,Buckwheat,2012,65,122,533,1857.4
Rukum,Buckwheat,2012,0,0,0,1788.2
Rupandehi,Buckwheat,2012,0,0,0,1873.2
Salyan,Buckwheat,2012,80,75,1067,1620.3
Sankhuwasabha,Buckwheat,2012,10,18,556,2933.7
Saptari,Buckwheat,2012,0,0,0,1630.9
Sarlahi,Buckwheat,2012,0,0,0,1732
Sindhuli,Buckwheat,2012,269,532,506,1869.9
Sindhupalchok,Buckwheat,2012,0,0,0,2441
Siraha,Buckwheat,2012,0,0,0,1584.8
Solukhumbu,Buckwheat,2012,138,230,600,2331.8
Sunsari,Buckwheat,2012,380,400,950,1851
Surkhet,Buckwheat,2012,0,0,0,1629.9
Syangja,Buckwheat,2012,140,215,651,2541.2
Tanahu,Buckwheat,2012,184,191,963,2490.8
Taplejung,Buckwheat,2012,165,118,1398,2866.5
Tehrathum,Buckwheat,2012,28,35,800,2256.6
Udayapur,Buckwheat,2012,19,19,1000,1723.3
Achham,Paddy,2013,34795,16572,2100,1738.3
Arghakhanchi,Paddy,2013,26306,8672,3033,2050.5
Baglung,Paddy,2013,18897,5927,3188,2283.1
Baitadi,Paddy,2013,15680,7000,2240,1980.4
Bajhang,Paddy,2013,22769,7006,3250,1834.3
Bajura,Paddy,2013,7993,3310,2415,1639.6
Banke,Paddy,2013,128700,36500,3526,1705.4
Bara,Paddy,2013,259781,54680,4751,1888
Bardiya,Paddy,2013,199575,52000,3838,1733.6
Bhaktapur,Paddy,2013,26958,4352,6194,2333
Bhojpur,Paddy,2013,48340,17150,2819,1970.3
Chitwan,Paddy,2013,100555,29575,3400,2112.7
Dadeldhura,Paddy,2013,18066,6221,2904,1885.9
Dailekh,Paddy,2013,25464,8307,3065,1652
Dang,Paddy,2013,156292,38230,4088,1753.7
Darchula,Paddy,2013,10631,4480,2373,2048
Dhading,Paddy,2013,48100,12645,3804,2204.2
Dhankuta,Paddy,2013,24244,10660,2274,2010.8
Dhanusa,Paddy,2013,116647,40635,2871,1625.8
Dolakha,Paddy,2013,5874,3175,1850,2307.4
Dolpa,Paddy,2013,590,276,2138,1459.2
Doti,Paddy,2013,22396,10665,2100,1892.8
Gorkha,Paddy,2013,41250,12765,3231,2056
Gulmi,Paddy,2013,25339,10484,2417,2224.7
Humla,Paddy,2013,966,572,1689,1724.8
Ilam,Paddy,2013,44966,14185,3170,2580.9
Jajarkot,Paddy,2013,10812,4042,2675,1936.2
Jhapa,Paddy,2013,365250,88500,4127,2599.9
Jumla,Paddy,2013,6490,2950,2200,2035.8
Kailali,Paddy,2013,209757,71450,2936,1846.8
Kalikot,Paddy,2013,5932,2466,2406,1711.8
Kanchanpur,Paddy,2013,143704,48796,2945,1831.6
Kapilbastu,Paddy,2013,235436,72000,3270,1849
Kaski,Paddy,2013,80560,22050,3654,2548.9
Kathmandu,Paddy,2013,45245,7940,5698,2310.1
Kavre,Paddy,2013,30418,10100,3012,2262.8
Khotang,Paddy,2013,42600,15202,2802,1815.9
Lalitpur,Paddy,2013,26442,4680,5650,2290.1
Lamjung,Paddy,2013,47115,16453,2864,2340.1
Mahottari,Paddy,2013,65060,36144,1800,1677.4
Makwanpur,Paddy,2013,38381,11125,3450,2158.6
Manang,Paddy,2013,0,0,0,1777.7
Morang,Paddy,2013,332100,83525,3976,2116.2
Mugu,Paddy,2013,3751,1500,2501,1574.1
Mustang,Paddy,2013,0,0,0,1191.3
Myagdi,Paddy,2013,12464,3895,3200,2197.4
Nawalparasi,Paddy,2013,196775,48350,4070,1982.8
Nuwakot,Paddy,2013,63167,14695,4299,2242.5
Okhaldhunga,Paddy,2013,11310,4350,2600,1862.7
Palpa,Paddy,2013,35267,9430,3740,2266.1
Panchthar,Paddy,2013,30127,10322,2919,2404.2
Parbat,Paddy,2013,26501,9595,2762,2547.2
Parsa,Paddy,2013,158814,43710,3633,1902.6
Pyuthan,Paddy,2013,19737,6520,3027,1979.7
Ramechhap,Paddy,2013,25862,9508,2720,2098.8
Rasuwa,Paddy,2013,3240,1305,2483,2221.5
Rautahat,Paddy,2013,95607,30500,3135,1860.1
Rolpa,Paddy,2013,11787,4715,2500,1896.8
Rukum,Paddy,2013,9974,3562,2800,1846
Rupandehi,Paddy,2013,329500,70500,4674,1949.7
Salyan,Paddy,2013,24497,6934,3533,1772.1
Sankhuwasabha,Paddy,2013,35458,13775,2574,2828.7
Saptari,Paddy,2013,90500,35000,2586,1642.5
Sarlahi,Paddy,2013,112985,45500,2483,1818
Sindhuli,Paddy,2013,46860,14200,3300,1910.8
Sindhupalchok,Paddy,2013,28446,12235,2325,2457.2
Siraha,Paddy,2013,98303,38788,2534,1590.7
Solukhumbu,Paddy,2013,3564,1620,2200,2288.3
Sunsari,Paddy,2013,180200,51550,3496,1856
Surkhet,Paddy,2013,59322,14600,4063,1746.2
Syangja,Paddy,2013,63662,18030,3531,2540.8
Tanahu,Paddy,2013,58604,16415,3570,2477.2
Taplejung,Paddy,2013,13861,6950,1994,2756.3
Tehrathum,Paddy,2013,27576,10180,2709,2172.3
Udayapur,Paddy,2013,52850,15250,3466,1721.3
Achham,Wheat,2013,22932,15335,1495,1738.3
Arghakhanchi,Wheat,2013,12952,7335,1766,2050.5
Baglung,Wheat,2013,16546,7011,2360,2283.1
Baitadi,Wheat,2013,24500,12000,2042,1980.4
Bajhang,Wheat,2013,24959,10982,2273,1834.3
Bajura,Wheat,2013,7583,4950,1532,1639.6
Banke,Wheat,2013,52758,18022,2927,1705.4
Bara,Wheat,2013,93600,29100,3216,1888
Bardiya,Wheat,2013,72500,19500,3718,1733.6
Bhaktapur,Wheat,2013,10800,3100,3484,2333
Bhojpur,Wheat,2013,6024,2510,2400,1970.3
Chitwan,Wheat,2013,29899,8550,3497,2112.7
Dadeldhura,Wheat,2013,14420,8710,1656,1885.9
Dailekh,Wheat,2013,31175,21500,1450,1652
Dang,Wheat,2013,29109,12655,2300,1753.7
Darchula,Wheat,2013,12096,4480,2700,2048
Dhading,Wheat,2013,10100,4800,2104,2204.2
Dhankuta,Wheat,2013,3200,1400,2286,2010.8
Dhanusa,Wheat,2013,105000,39500,2658,1625.8
Dolakha,Wheat,2013,6280,4650,1351,2307.4
Dolpa,Wheat,2013,5420,2590,2093,1459.2
Doti,Wheat,2013,33510,15950,2101,1892.8
Gorkha,Wheat,2013,7334,3900,1881,2056
Gulmi,Wheat,2013,14866,8095,1836,2224.7
Humla,Wheat,2013,953,1018,936,1724.8
Ilam,Wheat,2013,12350,4697,2629,2580.9
Jajarkot,Wheat,2013,13321,11550,1153,1936.2
Jhapa,Wheat,2013,22540,7000,3220,2599.9
Jumla,Wheat,2013,4611,2453,1880,2035.8
Kailali,Wheat,2013,70000,34500,2029,1846.8
Kalikot,Wheat,2013,9611,5430,1770,1711.8
Kanchanpur,Wheat,2013,71000,31433,2259,1831.6
Kapilbastu,Wheat,2013,89900,31000,2900,1849
Kaski,Wheat,2013,15503,6820,2273,2548.9
Kathmandu,Wheat,2013,13138,4529,2901,2310.1
Kavre,Wheat,2013,18900,9900,1909,2262.8
Khotang,Wheat,2013,12060,5530,2181,1815.9
Lalitpur,Wheat,2013,10900,4000,2725,2290.1
Lamjung,Wheat,2013,1375,500,2750,2340.1
Mahottari,Wheat,2013,62312,26800,2325,1677.4
Makwanpur,Wheat,2013,12007,4200,2859,2158.6
Manang,Wheat,2013,615,276,2228,1777.7
Morang,Wheat,2013,39900,16345,2441,2116.2
Mugu,Wheat,2013,8237,4335,1900,1574.1
Mustang,Wheat,2013,1110,604,1838,1191.3
Myagdi,Wheat,2013,6422,3045,2109,2197.4
Nawalparasi,Wheat,2013,48808,18010,2710,1982.8
Nuwakot,Wheat,2013,17500,5470,3199,2242.5
Okhaldhunga,Wheat,2013,4757,2241,2123,1862.7
Palpa,Wheat,2013,13853,6200,2234,2266.1
Panchthar,Wheat,2013,6732,3120,2158,2404.2
Parbat,Wheat,2013,6044,2604,2321,2547.2
Parsa,Wheat,2013,80680,23600,3419,1902.6
Pyuthan,Wheat,2013,20760,8640,2403,1979.7
Ramechhap,Wheat,2013,8716,4460,1954,2098.8
Rasuwa,Wheat,2013,1856,740,2508,2221.5
Rautahat,Wheat,2013,48000,15450,3107,1860.1
Rolpa,Wheat,2013,21400,8560,2500,1896.8
Rukum,Wheat,2013,27550,10600,2599,1846
Rupandehi,Wheat,2013,106750,30400,3512,1949.7
Salyan,Wheat,2013,30635,15108,2028,1772.1
Sankhuwasabha,Wheat,2013,1915,775,2471,2828.7
Saptari,Wheat,2013,44000,16000,2750,1642.5
Sarlahi,Wheat,2013,63750,22500,2833,1818
Sindhuli,Wheat,2013,14100,5600,2518,1910.8
Sindhupalchok,Wheat,2013,7862,7010,1122,2457.2
Siraha,Wheat,2013,32350,14750,2193,1590.7
Solukhumbu,Wheat,2013,2550,1250,2040,2288.3
Sunsari,Wheat,2013,45110,16300,2767,1856
Surkhet,Wheat,2013,45765,16255,2815,1746.2
Syangja,Wheat,2013,10150,5798,1751,2540.8
Tanahu,Wheat,2013,3705,1900,1950,2477.2
Taplejung,Wheat,2013,2016,925,2179,2756.3
Tehrathum,Wheat,2013,5675,2500,2270,2172.3
Udayapur,Wheat,2013,15826,5120,3091,1721.3
Achham,"Maize	 ",2013,10163,3652,2783,1738.3
Arghakhanchi,"Maize	 ",2013,49448,16915,2923,2050.5
Baglung,"Maize	 ",2013,58835,20349,2891,2283.1
Baitadi,"Maize	 ",2013,23417,14500,1615,1980.4
Bajhang,"Maize	 ",2013,3871,3652,1060,1834.3
Bajura,"Maize	 ",2013,1848,790,2339,1639.6
Banke,"Maize	 ",2013,15300,8500,1800,1705.4
Bara,"Maize	 ",2013,86260,13478,6400,1888
Bardiya,"Maize	 ",2013,2500,1200,2083,1733.6
Bhaktapur,"Maize	 ",2013,8860,1969,4500,2333
Bhojpur,"Maize	 ",2013,124050,42776,2900,1970.3
Chitwan,"Maize	 ",2013,29250,9750,3000,2112.7
Dadeldhura,"Maize	 ",2013,10895,3744,2910,1885.9
Dailekh,"Maize	 ",2013,37291,20150,1851,1652
Dang,"Maize	 ",2013,46600,25300,1842,1753.7
Darchula,"Maize	 ",2013,6404,3558,1800,2048
Dhading,"Maize	 ",2013,48613,19445,2500,2204.2
Dhankuta,"Maize	 ",2013,14975,5450,2748,2010.8
Dhanusa,"Maize	 ",2013,6663,2019,3300,1625.8
Dolakha,"Maize	 ",2013,11718,5450,2150,2307.4
Dolpa,"Maize	 ",2013,250,220,1136,1459.2
Doti,"Maize	 ",2013,5221,2748,1900,1892.8
Gorkha,"Maize	 ",2013,45480,19353,2350,2056
Gulmi,"Maize	 ",2013,52519,24844,2114,2224.7
Humla,"Maize	 ",2013,178,113,1575,1724.8
Ilam,"Maize	 ",2013,69654,28200,2470,2580.9
Jajarkot,"Maize	 ",2013,10539,8266,1275,1936.2
Jhapa,"Maize	 ",2013,95000,36850,2578,2599.9
Jumla,"Maize	 ",2013,7650,4500,1700,2035.8
Kailali,"Maize	 ",2013,5755,5540,1039,1846.8
Kalikot,"Maize	 ",2013,5228,2525,2070,1711.8
Kanchanpur,"Maize	 ",2013,6840,3600,1900,1831.6
Kapilbastu,"Maize	 ",2013,3302,1370,2410,1849
Kaski,"Maize	 ",2013,52549,20573,2554,2548.9
Kathmandu,"Maize	 ",2013,33164,9923,3342,2310.1
Kavre,"Maize	 ",2013,51592,24278,2125,2262.8
Khotang,"Maize	 ",2013,70378,41060,1714,1815.9
Lalitpur,"Maize	 ",2013,24908,8589,2900,2290.1
Lamjung,"Maize	 ",2013,52984,22725,2332,2340.1
Mahottari,"Maize	 ",2013,1400,700,2000,1677.4
Makwanpur,"Maize	 ",2013,67870,23648,2870,2158.6
Manang,"Maize	 ",2013,345,176,1960,1777.7
Morang,"Maize	 ",2013,50000,15000,3333,2116.2
Mugu,"Maize	 ",2013,1061,617,1720,1574.1
Mustang,"Maize	 ",2013,770,530,1453,1191.3
Myagdi,"Maize	 ",2013,40900,11134,3673,2197.4
Nawalparasi,"Maize	 ",2013,25310,10750,2354,1982.8
Nuwakot,"Maize	 ",2013,58845,19615,3000,2242.5
Okhaldhunga,"Maize	 ",2013,25476,11580,2200,1862.7
Palpa,"Maize	 ",2013,40879,21583,1894,2266.1
Panchthar,"Maize	 ",2013,29931,18627,1607,2404.2
Parbat,"Maize	 ",2013,30405,14285,2128,2547.2
Parsa,"Maize	 ",2013,14262,4075,3500,1902.6
Pyuthan,"Maize	 ",2013,18462,12058,1531,1979.7
Ramechhap,"Maize	 ",2013,57352,21480,2670,2098.8
Rasuwa,"Maize	 ",2013,5080,2430,2091,2221.5
Rautahat,"Maize	 ",2013,5500,1700,3235,1860.1
Rolpa,"Maize	 ",2013,26138,11881,2200,1896.8
Rukum,"Maize	 ",2013,30994,16289,1903,1846
Rupandehi,"Maize	 ",2013,10500,2650,3962,1949.7
Salyan,"Maize	 ",2013,33495,16280,2057,1772.1
Sankhuwasabha,"Maize	 ",2013,17000,12470,1363,2828.7
Saptari,"Maize	 ",2013,7800,3500,2229,1642.5
Sarlahi,"Maize	 ",2013,25283,5440,4648,1818
Sindhuli,"Maize	 ",2013,59577,23642,2520,1910.8
Sindhupalchok,"Maize	 ",2013,53958,24907,2166,2457.2
Siraha,"Maize	 ",2013,4000,2000,2000,1590.7
Solukhumbu,"Maize	 ",2013,32517,12955,2510,2288.3
Sunsari,"Maize	 ",2013,26500,7800,3397,1856
Surkhet,"Maize	 ",2013,38243,16100,2375,1746.2
Syangja,"Maize	 ",2013,81377,30905,2633,2540.8
Tanahu,"Maize	 ",2013,71630,26045,2750,2477.2
Taplejung,"Maize	 ",2013,49408,16075,3074,2756.3
Tehrathum,"Maize	 ",2013,27302,12410,2200,2172.3
Udayapur,"Maize	 ",2013,23500,9500,2474,1721.3
Achham,"Millet	 ",2013,3427,3415,1004,1738.3
Arghakhanchi,"Millet	 ",2013,606,505,1200,2050.5
Baglung,"Millet	 ",2013,21965,18615,1180,2283.1
Baitadi,"Millet	 ",2013,980,700,1400,1980.4
Bajhang,"Millet	 ",2013,2057,2286,900,1834.3
Bajura,"Millet	 ",2013,2610,2610,1000,1639.6
Banke,"Millet	 ",2013,0,0,0,1705.4
Bara,"Millet	 ",2013,105,78,1346,1888
Bardiya,"Millet	 ",2013,0,0,0,1733.6
Bhaktapur,"Millet	 ",2013,153,106,1443,2333
Bhojpur,"Millet	 ",2013,5000,5500,909,1970.3
Chitwan,"Millet	 ",2013,1600,1650,970,2112.7
Dadeldhura,"Millet	 ",2013,300,300,1000,1885.9
Dailekh,"Millet	 ",2013,2643,2422,1091,1652
Dang,"Millet	 ",2013,19,19,1000,1753.7
Darchula,"Millet	 ",2013,893,1310,682,2048
Dhading,"Millet	 ",2013,6953,6930,1003,2204.2
Dhankuta,"Millet	 ",2013,8000,8000,1000,2010.8
Dhanusa,"Millet	 ",2013,300,300,1000,1625.8
Dolakha,"Millet	 ",2013,4250,3600,1181,2307.4
Dolpa,"Millet	 ",2013,285,390,731,1459.2
Doti,"Millet	 ",2013,6145,5121,1200,1892.8
Gorkha,"Millet	 ",2013,13928,11605,1200,2056
Gulmi,"Millet	 ",2013,2900,2900,1000,2224.7
Humla,"Millet	 ",2013,1163,1278,910,1724.8
Ilam,"Millet	 ",2013,3000,3000,1000,2580.9
Jajarkot,"Millet	 ",2013,2297,1932,1189,1936.2
Jhapa,"Millet	 ",2013,1800,1750,1029,2599.9
Jumla,"Millet	 ",2013,4279,3890,1100,2035.8
Kailali,"Millet	 ",2013,380,377,1008,1846.8
Kalikot,"Millet	 ",2013,1295,1232,1051,1711.8
Kanchanpur,"Millet	 ",2013,0,0,0,1831.6
Kapilbastu,"Millet	 ",2013,0,0,0,1849
Kaski,"Millet	 ",2013,17278,14767,1170,2548.9
Kathmandu,"Millet	 ",2013,852,852,1000,2310.1
Kavre,"Millet	 ",2013,3501,3505,999,2262.8
Khotang,"Millet	 ",2013,23377,21315,1097,1815.9
Lalitpur,"Millet	 ",2013,575,575,1000,2290.1
Lamjung,"Millet	 ",2013,7523,7919,950,2340.1
Mahottari,"Millet	 ",2013,0,0,0,1677.4
Makwanpur,"Millet	 ",2013,3280,2645,1240,2158.6
Manang,"Millet	 ",2013,0,0,0,1777.7
Morang,"Millet	 ",2013,1800,1500,1200,2116.2
Mugu,"Millet	 ",2013,4937,4488,1100,1574.1
Mustang,"Millet	 ",2013,0,0,0,1191.3
Myagdi,"Millet	 ",2013,3425,2743,1249,2197.4
Nawalparasi,"Millet	 ",2013,515,500,1030,1982.8
Nuwakot,"Millet	 ",2013,9728,5120,1900,2242.5
Okhaldhunga,"Millet	 ",2013,12401,7751,1600,1862.7
Palpa,"Millet	 ",2013,2587,2538,1019,2266.1
Panchthar,"Millet	 ",2013,9046,4805,1883,2404.2
Parbat,"Millet	 ",2013,7893,8770,900,2547.2
Parsa,"Millet	 ",2013,86,86,1000,1902.6
Pyuthan,"Millet	 ",2013,2006,1984,1011,1979.7
Ramechhap,"Millet	 ",2013,4402,5060,870,2098.8
Rasuwa,"Millet	 ",2013,833,900,926,2221.5
Rautahat,"Millet	 ",2013,52,60,867,1860.1
Rolpa,"Millet	 ",2013,1273,1061,1200,1896.8
Rukum,"Millet	 ",2013,1573,915,1719,1846
Rupandehi,"Millet	 ",2013,125,120,1042,1949.7
Salyan,"Millet	 ",2013,2004,2204,909,1772.1
Sankhuwasabha,"Millet	 ",2013,7314,7171,1020,2828.7
Saptari,"Millet	 ",2013,215,250,860,1642.5
Sarlahi,"Millet	 ",2013,950,950,1000,1818
Sindhuli,"Millet	 ",2013,9526,11618,820,1910.8
Sindhupalchok,"Millet	 ",2013,21252,19320,1100,2457.2
Siraha,"Millet	 ",2013,575,650,885,1590.7
Solukhumbu,"Millet	 ",2013,2688,2100,1280,2288.3
Sunsari,"Millet	 ",2013,1100,1200,917,1856
Surkhet,"Millet	 ",2013,2832,2095,1352,1746.2
Syangja,"Millet	 ",2013,18815,16805,1120,2540.8
Tanahu,"Millet	 ",2013,5715,6350,900,2477.2
Taplejung,"Millet	 ",2013,4418,3290,1343,2756.3
Tehrathum,"Millet	 ",2013,3300,2800,1179,2172.3
Udayapur,"Millet	 ",2013,5000,2580,1938,1721.3
Achham,"Barley	 ",2013,566,505,1121,1738.3
Arghakhanchi,"Barley	 ",2013,420,350,1200,2050.5
Baglung,"Barley	 ",2013,1206,965,1250,2283.1
Baitadi,"Barley	 ",2013,1800,1000,1800,1980.4
Bajhang,"Barley	 ",2013,2938,3726,789,1834.3
Bajura,"Barley	 ",2013,1059,1072,988,1639.6
Banke,"Barley	 ",2013,10,10,1000,1705.4
Bara,"Barley	 ",2013,90,85,1059,1888
Bardiya,"Barley	 ",2013,10,10,1000,1733.6
Bhaktapur,"Barley	 ",2013,50,50,1000,2333
Bhojpur,"Barley	 ",2013,20,20,1000,1970.3
Chitwan,"Barley	 ",2013,45,40,1125,2112.7
Dadeldhura,"Barley	 ",2013,176,195,903,1885.9
Dailekh,"Barley	 ",2013,250,200,1250,1652
Dang,"Barley	 ",2013,49,50,980,1753.7
Darchula,"Barley	 ",2013,1560,1200,1300,2048
Dhading,"Barley	 ",2013,350,350,1000,2204.2
Dhankuta,"Barley	 ",2013,5,5,1000,2010.8
Dhanusa,"Barley	 ",2013,1,1,1000,1625.8
Dolakha,"Barley	 ",2013,180,175,1029,2307.4
Dolpa,"Barley	 ",2013,459,300,1530,1459.2
Doti,"Barley	 ",2013,370,240,1542,1892.8
Gorkha,"Barley	 ",2013,119,108,1102,2056
Gulmi,"Barley	 ",2013,666,370,1800,2224.7
Humla,"Barley	 ",2013,807,686,1176,1724.8
Ilam,"Barley	 ",2013,50,50,1000,2580.9
Jajarkot,"Barley	 ",2013,360,650,554,1936.2
Jhapa,"Barley	 ",2013,6,6,1000,2599.9
Jumla,"Barley	 ",2013,7400,4000,1850,2035.8
Kailali,"Barley	 ",2013,420,425,988,1846.8
Kalikot,"Barley	 ",2013,800,1000,800,1711.8
Kanchanpur,"Barley	 ",2013,10,10,1000,1831.6
Kapilbastu,"Barley	 ",2013,350,200,1750,1849
Kaski,"Barley	 ",2013,110,130,846,2548.9
Kathmandu,"Barley	 ",2013,5,5,1000,2310.1
Kavre,"Barley	 ",2013,825,750,1100,2262.8
Khotang,"Barley	 ",2013,400,400,1000,1815.9
Lalitpur,"Barley	 ",2013,70,65,1077,2290.1
Lamjung,"Barley	 ",2013,27,28,964,2340.1
Mahottari,"Barley	 ",2013,10,10,1000,1677.4
Makwanpur,"Barley	 ",2013,26,20,1300,2158.6
Manang,"Barley	 ",2013,215,100,2150,1777.7
Morang,"Barley	 ",2013,0,0,0,2116.2
Mugu,"Barley	 ",2013,1540,1540,1000,1574.1
Mustang,"Barley	 ",2013,506,273,1853,1191.3
Myagdi,"Barley	 ",2013,395,304,1299,2197.4
Nawalparasi,"Barley	 ",2013,10,10,1000,1982.8
Nuwakot,"Barley	 ",2013,225,200,1125,2242.5
Okhaldhunga,"Barley	 ",2013,100,100,1000,1862.7
Palpa,"Barley	 ",2013,37,26,1423,2266.1
Panchthar,"Barley	 ",2013,500,450,1111,2404.2
Parbat,"Barley	 ",2013,86,95,905,2547.2
Parsa,"Barley	 ",2013,40,39,1026,1902.6
Pyuthan,"Barley	 ",2013,816,510,1600,1979.7
Ramechhap,"Barley	 ",2013,190,173,1098,2098.8
Rasuwa,"Barley	 ",2013,190,173,1098,2221.5
Rautahat,"Barley	 ",2013,5,5,1000,1860.1
Rolpa,"Barley	 ",2013,700,500,1400,1896.8
Rukum,"Barley	 ",2013,1200,980,1224,1846
Rupandehi,"Barley	 ",2013,210,100,2100,1949.7
Salyan,"Barley	 ",2013,1460,1265,1154,1772.1
Sankhuwasabha,"Barley	 ",2013,30,30,1000,2828.7
Saptari,"Barley	 ",2013,0,0,0,1642.5
Sarlahi,"Barley	 ",2013,75,75,1000,1818
Sindhuli,"Barley	 ",2013,75,50,1500,1910.8
Sindhupalchok,"Barley	 ",2013,200,200,1000,2457.2
Siraha,"Barley	 ",2013,0,0,0,1590.7
Solukhumbu,"Barley	 ",2013,200,190,1053,2288.3
Sunsari,"Barley	 ",2013,0,0,0,1856
Surkhet,"Barley	 ",2013,1360,1030,1320,1746.2
Syangja,"Barley	 ",2013,5,6,833,2540.8
Tanahu,"Barley	 ",2013,6,6,1000,2477.2
Taplejung,"Barley	 ",2013,300,200,1500,2756.3
Tehrathum,"Barley	 ",2013,80,75,1067,2172.3
Udayapur,"Barley	 ",2013,35,35,1000,1721.3
Achham,Buckwheat,2013,0,0,0,1738.3
Arghakhanchi,Buckwheat,2013,240,275,872.73,2050.5
Baglung,Buckwheat,2013,116,80,1450,2283.1
Baitadi,Buckwheat,2013,0,0,0,1980.4
Bajhang,Buckwheat,2013,4,7,571.43,1834.3
Bajura,Buckwheat,2013,13,7,1857.14,1639.6
Banke,Buckwheat,2013,0,0,0,1705.4
Bara,Buckwheat,2013,0,0,0,1888
Bardiya,Buckwheat,2013,0,0,0,1733.6
Bhaktapur,Buckwheat,2013,0,0,0,2333
Bhojpur,Buckwheat,2013,12,17,705.88,1970.3
Chitwan,Buckwheat,2013,0,0,0,2112.7
Dadeldhura,Buckwheat,2013,0,0,0,1885.9
Dailekh,Buckwheat,2013,19,27,703.7,1652
Dang,Buckwheat,2013,20,20,0,1753.7
Darchula,Buckwheat,2013,82,100,820,2048
Dhading,Buckwheat,2013,0,0,0,2204.2
Dhankuta,Buckwheat,2013,0,0,0,2010.8
Dhanusa,Buckwheat,2013,0,0,0,1625.8
Dolakha,Buckwheat,2013,390,430,906.98,2307.4
Dolpa,Buckwheat,2013,690,680,1014.71,1459.2
Doti,Buckwheat,2013,12,12,1000,1892.8
Gorkha,Buckwheat,2013,396,393,1007.63,2056
Gulmi,Buckwheat,2013,252,210,1200,2224.7
Humla,Buckwheat,2013,603,670,900,1724.8
Ilam,Buckwheat,2013,20,25,800,2580.9
Jajarkot,Buckwheat,2013,20,19,1052.63,1936.2
Jhapa,Buckwheat,2013,1270,1270,1000,2599.9
Jumla,Buckwheat,2013,85,85,1000,2035.8
Kailali,Buckwheat,2013,25,25,1000,1846.8
Kalikot,Buckwheat,2013,155,105,1476.19,1711.8
Kanchanpur,Buckwheat,2013,0,0,0,1831.6
Kapilbastu,Buckwheat,2013,0,0,0,1849
Kaski,Buckwheat,2013,16,14,1142.86,2548.9
Kathmandu,Buckwheat,2013,5,5,1000,2310.1
Kavre,Buckwheat,2013,605,605,1000,2262.8
Khotang,Buckwheat,2013,400,700,571.43,1815.9
Lalitpur,Buckwheat,2013,53,54,981.48,2290.1
Lamjung,Buckwheat,2013,19,19,1000,2340.1
Mahottari,Buckwheat,2013,0,0,0,1677.4
Makwanpur,Buckwheat,2013,189,170,1111.76,2158.6
Manang,Buckwheat,2013,355,225,1577.78,1777.7
Morang,Buckwheat,2013,70,70,1000,2116.2
Mugu,Buckwheat,2013,506,506,1000,1574.1
Mustang,Buckwheat,2013,1020,585,1743.59,1191.3
Myagdi,Buckwheat,2013,98,58,1689.66,2197.4
Nawalparasi,Buckwheat,2013,127,200,635,1982.8
Nuwakot,Buckwheat,2013,226,200,1130,2242.5
Okhaldhunga,Buckwheat,2013,90,105,857.14,1862.7
Palpa,Buckwheat,2013,418,448,933.04,2266.1
Panchthar,Buckwheat,2013,36,56,642.86,2404.2
Parbat,Buckwheat,2013,37,38,973.68,2547.2
Parsa,Buckwheat,2013,0,0,0,1902.6
Pyuthan,Buckwheat,2013,15,13,1153.85,1979.7
Ramechhap,Buckwheat,2013,19,19,1000,2098.8
Rasuwa,Buckwheat,2013,0,0,0,2221.5
Rautahat,Buckwheat,2013,0,0,0,1860.1
Rolpa,Buckwheat,2013,120,122,983.61,1896.8
Rukum,Buckwheat,2013,0,0,0,1846
Rupandehi,Buckwheat,2013,0,0,0,1949.7
Salyan,Buckwheat,2013,71,65,1092.31,1772.1
Sankhuwasabha,Buckwheat,2013,15,18,833.33,2828.7
Saptari,Buckwheat,2013,0,0,0,1642.5
Sarlahi,Buckwheat,2013,0,0,0,1818
Sindhuli,Buckwheat,2013,272,532,511.28,1910.8
Sindhupalchok,Buckwheat,2013,0,0,0,2457.2
Siraha,Buckwheat,2013,0,0,0,1590.7
Solukhumbu,Buckwheat,2013,150,230,652.17,2288.3
Sunsari,Buckwheat,2013,400,400,1000,1856
Surkhet,Buckwheat,2013,0,0,0,1746.2
Syangja,Buckwheat,2013,172,230,747.83,2540.8
Tanahu,Buckwheat,2013,187,191,979.06,2477.2
Taplejung,Buckwheat,2013,170,120,1416.67,2756.3
Tehrathum,Buckwheat,2013,30,35,857.14,2172.3
Udayapur,Buckwheat,2013,20,20,1000,1721.3
